ISO-10303-21;
HEADER;
FILE_DESCRIPTION (( 'STEP AP203' ),
    '1' );
FILE_NAME ('sonar_bracket.STEP',
    '2026-08-25T00:35:50',
    ( '' ),
    ( '' ),
    'SwSTEP 2.0',
    'SolidWorks 2026',
    '' );
FILE_SCHEMA (( 'CONFIG_CONTROL_DESIGN' ));
ENDSEC;

DATA;
#1 = EDGE_LOOP ( 'NONE', ( #10, #128, #510, #624, #120, #259 ) ) ;
#2 = LINE ( 'NONE', #523, #1198 ) ;
#3 = CIRCLE ( 'NONE', #675, 1.699999999999999067 ) ;
#4 = ORIENTED_EDGE ( 'NONE', *, *, #795, .F. ) ;
#5 = CARTESIAN_POINT ( 'NONE',  ( 9.758393362302255625, 26.80171015615314190, 2.099504813769003775 ) ) ;
#6 = CARTESIAN_POINT ( 'NONE',  ( 9.723487220322889257, 26.80171015615314190, 6.099352506025811138 ) ) ;
#7 = EDGE_CURVE ( 'NONE', #1305, #1343, #983, .T. ) ;
#8 = DIRECTION ( 'NONE',  ( 0.008726535494842009924, 3.698383708308986798E-15, -0.9999619230642021739 ) ) ;
#9 = B_SPLINE_CURVE_WITH_KNOTS ( 'NONE', 2,
 ( #1223, #603, #392 ),
 .UNSPECIFIED., .F., .F.,
 ( 3, 3 ),
 ( 0.000000000000000000, 1.000000000000000000 ),
 .UNSPECIFIED. ) ;
#10 = ORIENTED_EDGE ( 'NONE', *, *, #1133, .T. ) ;
#11 = PLANE ( 'NONE',  #584 ) ;
#12 = CIRCLE ( 'NONE', #1215, 0.7500000000000000000 ) ;
#13 = ORIENTED_EDGE ( 'NONE', *, *, #1147, .F. ) ;
#14 = FACE_BOUND ( 'NONE', #466, .T. ) ;
#15 = CARTESIAN_POINT ( 'NONE',  ( -11.49079750281204504, -19.94828984384685100, 1.914065934503623279 ) ) ;
#16 = ADVANCED_FACE ( 'NONE', ( #875 ), #1204, .T. ) ;
#17 = DIRECTION ( 'NONE',  ( 0.9999619230642021739, 0.000000000000000000, 0.008726535494841390628 ) ) ;
#18 = ORIENTED_EDGE ( 'NONE', *, *, #311, .F. ) ;
#19 = CARTESIAN_POINT ( 'NONE',  ( -11.79189251059223054, 3.251710156157563869, 32.41628875841855262 ) ) ;
#20 = APPROVAL_PERSON_ORGANIZATION ( #1251, #148, #1035 ) ;
#21 = ORIENTED_EDGE ( 'NONE', *, *, #851, .T. ) ;
#22 = CARTESIAN_POINT ( 'NONE',  ( 24.75728362611303623, 3.251710156157566978, 30.94037162965781107 ) ) ;
#23 = CARTESIAN_POINT ( 'NONE',  ( -9.025798837130897923, 30.55171015615315611, 5.935729965497534621 ) ) ;
#24 = DIRECTION ( 'NONE',  ( 0.9999619230642021739, 0.000000000000000000, 0.008726535494841146032 ) ) ;
#25 = CARTESIAN_POINT ( 'NONE',  ( 1.008726535490483744, 18.05171015615314545, 2.023147628189140956 ) ) ;
#26 = ORIENTED_EDGE ( 'NONE', *, *, #1310, .T. ) ;
#27 = CYLINDRICAL_SURFACE ( 'NONE', #152, 0.7500000000000000000 ) ;
#28 = CIRCLE ( 'NONE', #455, 0.7500000000000016653 ) ;
#29 = ORIENTED_EDGE ( 'NONE', *, *, #789, .T. ) ;
#30 = CARTESIAN_POINT ( 'NONE',  ( 24.75728362611303623, 3.251710156157566978, 30.94037162965781107 ) ) ;
#31 = DIRECTION ( 'NONE',  ( 0.008649985458784209200, 0.1321637200909560328, -0.9911901577615076508 ) ) ;
#32 = CARTESIAN_POINT ( 'NONE',  ( 9.758393362302253848, -16.19828984384685100, 2.099504813769003775 ) ) ;
#33 = VERTEX_POINT ( 'NONE', #1210 ) ;
#34 = EDGE_CURVE ( 'NONE', #327, #758, #253, .T. ) ;
#35 = CARTESIAN_POINT ( 'NONE',  ( 24.88818165853565745, 1.251710156154754561, 15.94094278369477813 ) ) ;
#36 = DIRECTION ( 'NONE',  ( 0.008726535494841404506, 0.000000000000000000, -0.9999619230642021739 ) ) ;
#37 = ADVANCED_FACE ( 'NONE', ( #1001 ), #41, .T. ) ;
#38 = PRODUCT_DEFINITION_SHAPE ( 'NONE', 'NONE',  #395 ) ;
#39 = AXIS2_PLACEMENT_3D ( 'NONE', #159, #1022, #713 ) ;
#40 = CC_DESIGN_APPROVAL ( #334, ( #395 ) ) ;
#41 = CYLINDRICAL_SURFACE ( 'NONE', #77, 1.699999999999999067 ) ;
#42 = EDGE_CURVE ( 'NONE', #1343, #683, #571, .T. ) ;
#43 = VECTOR ( 'NONE', #501, 1000.000000000000114 ) ;
#44 = DIRECTION ( 'NONE',  ( -0.9999619230642020629, 0.000000000000000000, -0.008726535494841442669 ) ) ;
#45 = EDGE_CURVE ( 'NONE', #564, #846, #12, .T. ) ;
#46 = CARTESIAN_POINT ( 'NONE',  ( 19.46492746409321839, 30.55171015615323782, 6.184364767090356985 ) ) ;
#47 = ORIENTED_EDGE ( 'NONE', *, *, #1227, .F. ) ;
#48 = DIRECTION ( 'NONE',  ( -0.008726535494841404506, 0.000000000000000000, 0.9999619230642021739 ) ) ;
#49 = B_SPLINE_CURVE_WITH_KNOTS ( 'NONE', 3,
 ( #383, #293, #701, #83 ),
 .UNSPECIFIED., .F., .F.,
 ( 4, 4 ),
 ( 0.000000000000000000, 0.6541339450293319757 ),
 .UNSPECIFIED. ) ;
#50 = ADVANCED_FACE ( 'NONE', ( #341 ), #131, .F. ) ;
#51 = LINE ( 'NONE', #478, #1181 ) ;
#52 = CARTESIAN_POINT ( 'NONE',  ( 9.073511970331155752, -7.448289843846850111, 6.093680257954165569 ) ) ;
#53 = ORIENTED_EDGE ( 'NONE', *, *, #425, .T. ) ;
#54 = AXIS2_PLACEMENT_3D ( 'NONE', #1050, #536, #647 ) ;
#55 = ORIENTED_EDGE ( 'NONE', *, *, #1051, .T. ) ;
#56 = DIRECTION ( 'NONE',  ( -0.9999619230642020629, 0.000000000000000000, -0.008726535494841442669 ) ) ;
#57 = CARTESIAN_POINT ( 'NONE',  ( -11.49079750281204504, -19.94828984384685100, 1.914065934503623279 ) ) ;
#58 = PLANE ( 'NONE',  #287 ) ;
#59 = DIRECTION ( 'NONE',  ( 0.006356619000050757126, 0.6851264781944068627, -0.7283963908970287893 ) ) ;
#60 = ORIENTED_EDGE ( 'NONE', *, *, #264, .T. ) ;
#61 = EDGE_CURVE ( 'NONE', #110, #412, #1101, .T. ) ;
#62 = EDGE_LOOP ( 'NONE', ( #457, #1265 ) ) ;
#63 = CIRCLE ( 'NONE', #1263, 1.699999999999999067 ) ;
#64 = CARTESIAN_POINT ( 'NONE',  ( 22.60661439637053149, 17.81116180589424758, 48.19662858722384158 ) ) ;
#65 = CALENDAR_DATE ( 2026, 24, 8 ) ;
#66 = CARTESIAN_POINT ( 'NONE',  ( -7.090965041329553742, -7.448289843846849223, 1.952462690680925483 ) ) ;
#67 = DIRECTION ( 'NONE',  ( -0.9999619230642021739, 0.000000000000000000, -0.008726535494841166848 ) ) ;
#68 = ORIENTED_EDGE ( 'NONE', *, *, #689, .F. ) ;
#69 = ADVANCED_FACE ( 'NONE', ( #462 ), #467, .F. ) ;
#70 = CIRCLE ( 'NONE', #566, 2.068141946556154576 ) ;
#71 = DIRECTION ( 'NONE',  ( 0.006356619000050188137, -0.6851264781944994553, -0.7283963908969417478 ) ) ;
#72 = AXIS2_PLACEMENT_3D ( 'NONE', #6, #1046, #751 ) ;
#73 = CARTESIAN_POINT ( 'NONE',  ( -7.090965041329553742, 18.05171015615314545, 1.952462690680925483 ) ) ;
#74 = DIRECTION ( 'NONE',  ( -0.008726535494841404506, 0.000000000000000000, 0.9999619230642020629 ) ) ;
#75 = EDGE_LOOP ( 'NONE', ( #1373, #711 ) ) ;
#76 = CIRCLE ( 'NONE', #856, 1.699999999999999067 ) ;
#77 = AXIS2_PLACEMENT_3D ( 'NONE', #896, #471, #445 ) ;
#78 = CARTESIAN_POINT ( 'NONE',  ( 8.956062707035052028, 26.80171015615314190, 8.092731450533085180 ) ) ;
#79 = FACE_OUTER_BOUND ( 'NONE', #843, .T. ) ;
#80 = ORIENTED_EDGE ( 'NONE', *, *, #1033, .F. ) ;
#81 = DIRECTION ( 'NONE',  ( 0.008726535494841404506, 0.000000000000000000, -0.9999619230642021739 ) ) ;
#82 = ORIENTED_EDGE ( 'NONE', *, *, #990, .F. ) ;
#83 = CARTESIAN_POINT ( 'NONE',  ( 22.64592050369114773, -19.94828984384674797, 8.049723144254702589 ) ) ;
#84 = EDGE_LOOP ( 'NONE', ( #805, #214, #53, #1131, #1166 ) ) ;
#85 = CIRCLE ( 'NONE', #871, 1.699999999999999067 ) ;
#86 = AXIS2_PLACEMENT_3D ( 'NONE', #1078, #255, #469 ) ;
#87 = DIRECTION ( 'NONE',  ( -0.9999619230642021739, 0.000000000000000000, -0.008726535494841454813 ) ) ;
#88 = PERSON_AND_ORGANIZATION ( #868, #1157 ) ;
#89 = DIRECTION ( 'NONE',  ( -0.9999619230642021739, 0.000000000000000000, -0.008726535494841390628 ) ) ;
#90 = ADVANCED_FACE ( 'NONE', ( #1314 ), #565, .F. ) ;
#91 = ORIENTED_EDGE ( 'NONE', *, *, #1232, .F. ) ;
#92 = FACE_BOUND ( 'NONE', #860, .T. ) ;
#93 = ORIENTED_EDGE ( 'NONE', *, *, #948, .F. ) ;
#94 = EDGE_LOOP ( 'NONE', ( #863, #1224, #1074, #1159 ) ) ;
#95 = ADVANCED_FACE ( 'NONE', ( #1303 ), #356, .T. ) ;
#96 = CARTESIAN_POINT ( 'NONE',  ( 9.723487220322887481, -16.19828984384685100, 6.099352506025811138 ) ) ;
#97 = B_SPLINE_CURVE_WITH_KNOTS ( 'NONE', 3,
 ( #477, #484, #1221, #698 ),
 .UNSPECIFIED., .F., .F.,
 ( 4, 4 ),
 ( 0.000000000000000000, 0.6541339449662849637 ),
 .UNSPECIFIED. ) ;
#98 = DIRECTION ( 'NONE',  ( -0.9999619230642021739, 0.000000000000000000, -0.008726535494841146032 ) ) ;
#99 = VERTEX_POINT ( 'NONE', #1201 ) ;
#100 = CARTESIAN_POINT ( 'NONE',  ( 27.75716939530564531, 7.351710156154711129, 30.96655123614233318 ) ) ;
#101 = ORIENTED_EDGE ( 'NONE', *, *, #961, .T. ) ;
#102 = EDGE_LOOP ( 'NONE', ( #544, #80 ) ) ;
#103 = EDGE_CURVE ( 'NONE', #762, #441, #878, .T. ) ;
#104 = FACE_OUTER_BOUND ( 'NONE', #1199, .T. ) ;
#105 = VECTOR ( 'NONE', #374, 1000.000000000000114 ) ;
#106 = CARTESIAN_POINT ( 'NONE',  ( -11.52570364479140785, -19.94828984384685100, 5.913913626760431974 ) ) ;
#107 = ORIENTED_EDGE ( 'NONE', *, *, #45, .F. ) ;
#108 = CARTESIAN_POINT ( 'NONE',  ( -7.775846433300651839, 26.80171015615314190, 5.946638134866086389 ) ) ;
#109 = ORIENTED_EDGE ( 'NONE', *, *, #459, .T. ) ;
#110 = VERTEX_POINT ( 'NONE', #1206 ) ;
#111 = VECTOR ( 'NONE', #1087, 1000.000000000000114 ) ;
#112 = EDGE_CURVE ( 'NONE', #1072, #991, #866, .T. ) ;
#113 = EDGE_CURVE ( 'NONE', #909, #99, #772, .T. ) ;
#114 = LINE ( 'NONE', #121, #883 ) ;
#115 = CARTESIAN_POINT ( 'NONE',  ( -9.493234773499475310, 26.80171015615314190, 7.931726870653261763 ) ) ;
#116 = DIRECTION ( 'NONE',  ( 0.008726535494841404506, 0.000000000000000000, -0.9999619230642021739 ) ) ;
#117 = ORIENTED_EDGE ( 'NONE', *, *, #619, .T. ) ;
#118 = FACE_BOUND ( 'NONE', #1249, .T. ) ;
#119 = AXIS2_PLACEMENT_3D ( 'NONE', #1047, #956, #644 ) ;
#120 = ORIENTED_EDGE ( 'NONE', *, *, #649, .F. ) ;
#121 = CARTESIAN_POINT ( 'NONE',  ( 10.50836480460040789, 26.80171015615314190, 2.106049715390134747 ) ) ;
#122 = CARTESIAN_POINT ( 'NONE',  ( -7.793299504290333246, -16.19828984384685100, 7.946561980994491847 ) ) ;
#123 = DIRECTION ( 'NONE',  ( -0.008726535494841404506, 0.000000000000000000, 0.9999619230642021739 ) ) ;
#124 = VERTEX_POINT ( 'NONE', #659 ) ;
#125 = PLANE ( 'NONE',  #300 ) ;
#126 = AXIS2_PLACEMENT_3D ( 'NONE', #672, #1085, #643 ) ;
#127 = VERTEX_POINT ( 'NONE', #349 ) ;
#128 = ORIENTED_EDGE ( 'NONE', *, *, #661, .T. ) ;
#129 = DESIGN_CONTEXT ( 'detailed design', #632, 'design' ) ;
#130 = CARTESIAN_POINT ( 'NONE',  ( 22.94269714955041550, 30.55171015615324492, 9.685359553007936384 ) ) ;
#131 = PLANE ( 'NONE',  #722 ) ;
#132 = FACE_OUTER_BOUND ( 'NONE', #230, .T. ) ;
#133 = CIRCLE ( 'NONE', #666, 0.7500000000000000000 ) ;
#134 = VERTEX_POINT ( 'NONE', #249 ) ;
#135 = FACE_OUTER_BOUND ( 'NONE', #676, .T. ) ;
#136 = LOCAL_TIME ( 20, 35, 50.00000000000000000, #810 ) ;
#137 = EDGE_LOOP ( 'NONE', ( #771, #1174, #13, #1359 ) ) ;
#138 = CARTESIAN_POINT ( 'NONE',  ( 24.75728362611303623, 7.351710156154741327, 30.94037162965781462 ) ) ;
#139 = DIRECTION ( 'NONE',  ( 0.008726535494841404506, 0.000000000000000000, -0.9999619230642021739 ) ) ;
#140 = CARTESIAN_POINT ( 'NONE',  ( -7.740940291321284583, 26.80171015615314190, 1.946790442609279470 ) ) ;
#141 = AXIS2_PLACEMENT_3D ( 'NONE', #852, #828, #8 ) ;
#142 = EDGE_CURVE ( 'NONE', #1305, #1299, #993, .T. ) ;
#143 = ORIENTED_EDGE ( 'NONE', *, *, #7, .T. ) ;
#144 = DIRECTION ( 'NONE',  ( 0.006356619000050854271, 0.6851264781944068627, -0.7283963908970287893 ) ) ;
#145 = EDGE_CURVE ( 'NONE', #412, #656, #302, .T. ) ;
#146 = CARTESIAN_POINT ( 'NONE',  ( 24.92854922776397331, 5.301710156154261000, 11.31527751494807532 ) ) ;
#147 = VECTOR ( 'NONE', #344, 1000.000000000000114 ) ;
#148 = APPROVAL ( #1127, 'UNSPECIFIED' ) ;
#149 = CARTESIAN_POINT ( 'NONE',  ( -6.990968849023133203, -16.19828984384685100, 1.953335344230410220 ) ) ;
#150 = EDGE_CURVE ( 'NONE', #656, #412, #906, .T. ) ;
#151 = FACE_OUTER_BOUND ( 'NONE', #353, .T. ) ;
#152 = AXIS2_PLACEMENT_3D ( 'NONE', #32, #873, #449 ) ;
#153 = SECURITY_CLASSIFICATION ( '', '', #913 ) ;
#154 = FACE_OUTER_BOUND ( 'NONE', #937, .T. ) ;
#155 = ORIENTED_EDGE ( 'NONE', *, *, #642, .T. ) ;
#156 = EDGE_CURVE ( 'NONE', #537, #124, #975, .T. ) ;
#157 = VECTOR ( 'NONE', #1317, 1000.000000000000114 ) ;
#158 = CARTESIAN_POINT ( 'NONE',  ( 22.64592050369114773, -19.94828984384674797, 8.049723144254702589 ) ) ;
#159 = CARTESIAN_POINT ( 'NONE',  ( 9.758393362302253848, -16.19828984384685100, 2.099504813769003775 ) ) ;
#160 = CARTESIAN_POINT ( 'NONE',  ( -9.475781702509792126, 26.80171015615314190, 5.931803024524855417 ) ) ;
#161 = ORIENTED_EDGE ( 'NONE', *, *, #948, .T. ) ;
#162 = EDGE_CURVE ( 'NONE', #639, #1064, #620, .T. ) ;
#163 = LINE ( 'NONE', #928, #949 ) ;
#164 = CARTESIAN_POINT ( 'NONE',  ( 9.706034149333206074, 26.80171015615314190, 8.099276352154216596 ) ) ;
#165 = ADVANCED_FACE ( 'NONE', ( #549 ), #723, .F. ) ;
#166 = DIRECTION ( 'NONE',  ( 0.008726535494841406240, 0.000000000000000000, -0.9999619230642020629 ) ) ;
#167 = DIRECTION ( 'NONE',  ( 0.9999619230642022849, 0.000000000000000000, 0.008726535494841407975 ) ) ;
#168 = ORIENTED_EDGE ( 'NONE', *, *, #234, .F. ) ;
#169 = AXIS2_PLACEMENT_3D ( 'NONE', #108, #208, #844 ) ;
#170 = VERTEX_POINT ( 'NONE', #1356 ) ;
#171 = ADVANCED_BREP_SHAPE_REPRESENTATION ( 'sonar_bracket', ( #250, #892 ), #446 ) ;
#172 = DIRECTION ( 'NONE',  ( 0.008726535494841404506, 0.000000000000000000, -0.9999619230642020629 ) ) ;
#173 = CC_DESIGN_PERSON_AND_ORGANIZATION_ASSIGNMENT ( #940, #609, ( #618 ) ) ;
#174 = DIRECTION ( 'NONE',  ( 0.9999619230642020629, -0.000000000000000000, 0.008726535494841406240 ) ) ;
#175 = LINE ( 'NONE', #907, #105 ) ;
#176 = ADVANCED_FACE ( 'NONE', ( #970, #858 ), #1285, .F. ) ;
#177 = CARTESIAN_POINT ( 'NONE',  ( 9.706034149333204297, -16.19828984384685100, 8.099276352154216596 ) ) ;
#178 = ORIENTED_EDGE ( 'NONE', *, *, #1086, .T. ) ;
#179 = ORIENTED_EDGE ( 'NONE', *, *, #628, .F. ) ;
#180 = CARTESIAN_POINT ( 'NONE',  ( 22.57816121924786401, -19.94828984384676218, 2.211381232919497286 ) ) ;
#181 = CARTESIAN_POINT ( 'NONE',  ( 0.000000000000000000, 0.000000000000000000, 0.000000000000000000 ) ) ;
#182 = FACE_OUTER_BOUND ( 'NONE', #94, .T. ) ;
#183 = CARTESIAN_POINT ( 'NONE',  ( 27.95675706030006680, -19.94828984384674797, 8.096070112723792178 ) ) ;
#184 = ORIENTED_EDGE ( 'NONE', *, *, #815, .T. ) ;
#185 = ORIENTED_EDGE ( 'NONE', *, *, #359, .T. ) ;
#186 = AXIS2_PLACEMENT_3D ( 'NONE', #1169, #212, #634 ) ;
#187 = DIRECTION ( 'NONE',  ( 0.008726535494841404506, 0.000000000000000000, -0.9999619230642020629 ) ) ;
#188 = CARTESIAN_POINT ( 'NONE',  ( 27.88806742772826652, 1.251710156154754561, 15.96712239017930202 ) ) ;
#189 = CYLINDRICAL_SURFACE ( 'NONE', #424, 0.7500000000000000000 ) ;
#190 = CC_DESIGN_PERSON_AND_ORGANIZATION_ASSIGNMENT ( #1040, #816, ( #1216 ) ) ;
#191 = ORIENTED_EDGE ( 'NONE', *, *, #145, .F. ) ;
#192 = AXIS2_PLACEMENT_3D ( 'NONE', #96, #946, #962 ) ;
#193 = COORDINATED_UNIVERSAL_TIME_OFFSET ( 5, 0, .BEHIND. ) ;
#194 = CARTESIAN_POINT ( 'NONE',  ( 11.42342248953202954, -16.19828984384685100, 6.114187616367041223 ) ) ;
#195 = CARTESIAN_POINT ( 'NONE',  ( 10.50836480460040434, -16.19828984384685100, 2.106049715390134747 ) ) ;
#196 = VERTEX_POINT ( 'NONE', #1377 ) ;
#197 = CC_DESIGN_SECURITY_CLASSIFICATION ( #153, ( #618 ) ) ;
#198 = DIRECTION ( 'NONE',  ( 0.008726535494841404506, 0.000000000000000000, -0.9999619230642021739 ) ) ;
#199 = ADVANCED_FACE ( 'NONE', ( #532 ), #1362, .F. ) ;
#200 = CARTESIAN_POINT ( 'NONE',  ( -7.793299504290333246, 26.80171015615314190, 7.946561980994491847 ) ) ;
#201 = ORIENTED_EDGE ( 'NONE', *, *, #209, .F. ) ;
#202 = DIRECTION ( 'NONE',  ( 0.9999619230642021739, 0.000000000000000000, 0.008726535494841166848 ) ) ;
#203 = ORIENTED_EDGE ( 'NONE', *, *, #387, .T. ) ;
#204 = CIRCLE ( 'NONE', #992, 8.099999999999999645 ) ;
#205 = CARTESIAN_POINT ( 'NONE',  ( -8.543270946588487291, 26.80171015615314190, 7.940017079373361319 ) ) ;
#206 = LINE ( 'NONE', #1164, #1029 ) ;
#207 = ORIENTED_EDGE ( 'NONE', *, *, #778, .F. ) ;
#208 = DIRECTION ( 'NONE',  ( -0.008726535494841404506, 0.000000000000000000, 0.9999619230642021739 ) ) ;
#209 = EDGE_CURVE ( 'NONE', #127, #932, #3, .T. ) ;
#210 = EDGE_LOOP ( 'NONE', ( #117, #1342, #91, #721 ) ) ;
#211 = AXIS2_PLACEMENT_3D ( 'NONE', #140, #568, #361 ) ;
#212 = DIRECTION ( 'NONE',  ( 0.9999619230642021739, -0.000000000000000000, 0.008726535494841406240 ) ) ;
#213 = CARTESIAN_POINT ( 'NONE',  ( 24.88818165853565745, 9.351710156153766107, 15.94094278369477813 ) ) ;
#214 = ORIENTED_EDGE ( 'NONE', *, *, #218, .F. ) ;
#215 = DIRECTION ( 'NONE',  ( -0.9999619230642021739, 0.000000000000000000, -0.008726535494841454813 ) ) ;
#216 = VERTEX_POINT ( 'NONE', #826 ) ;
#217 = EDGE_LOOP ( 'NONE', ( #1189, #522, #1280, #959 ) ) ;
#218 = EDGE_CURVE ( 'NONE', #845, #441, #310, .T. ) ;
#219 = FACE_OUTER_BOUND ( 'NONE', #1, .T. ) ;
#220 = CARTESIAN_POINT ( 'NONE',  ( -7.793299504290333246, 26.80171015615314190, 7.946561980994491847 ) ) ;
#221 = AXIS2_PLACEMENT_3D ( 'NONE', #292, #803, #823 ) ;
#222 = CARTESIAN_POINT ( 'NONE',  ( 1.008726535490483744, 18.05171015615314545, 2.023147628189140956 ) ) ;
#223 = ORIENTED_EDGE ( 'NONE', *, *, #416, .F. ) ;
#224 = DIRECTION ( 'NONE',  ( -0.008726535494841406240, 0.000000000000000000, 0.9999619230642021739 ) ) ;
#225 = ORIENTED_EDGE ( 'NONE', *, *, #774, .F. ) ;
#226 = CIRCLE ( 'NONE', #1294, 8.099999999999999645 ) ;
#227 = DIRECTION ( 'NONE',  ( -0.9999619230642022849, -0.000000000000000000, -0.008726535494841407975 ) ) ;
#228 = CARTESIAN_POINT ( 'NONE',  ( -7.740940291321284583, -16.19828984384685100, 1.946790442609279470 ) ) ;
#229 = DIRECTION ( 'NONE',  ( -0.9999619230642021739, 0.000000000000000000, -0.008726535494841390628 ) ) ;
#230 = EDGE_LOOP ( 'NONE', ( #648, #953, #1172, #796, #82, #926 ) ) ;
#231 = DIRECTION ( 'NONE',  ( 0.008726535494841404506, 0.000000000000000000, -0.9999619230642021739 ) ) ;
#232 = ORIENTED_EDGE ( 'NONE', *, *, #608, .F. ) ;
#233 = ORIENTED_EDGE ( 'NONE', *, *, #61, .T. ) ;
#234 = EDGE_CURVE ( 'NONE', #932, #967, #1154, .T. ) ;
#235 = DIRECTION ( 'NONE',  ( 0.008726535494841404506, 0.000000000000000000, -0.9999619230642021739 ) ) ;
#236 = DIRECTION ( 'NONE',  ( 0.008726535494841404506, 0.000000000000000000, -0.9999619230642021739 ) ) ;
#237 = CARTESIAN_POINT ( 'NONE',  ( 1.008726535490483744, 18.05171015615314545, 2.023147628189140956 ) ) ;
#238 = VERTEX_POINT ( 'NONE', #205 ) ;
#239 = DIRECTION ( 'NONE',  ( -0.008726535494841404506, 0.000000000000000000, 0.9999619230642020629 ) ) ;
#240 = ORIENTED_EDGE ( 'NONE', *, *, #506, .F. ) ;
#241 = ORIENTED_EDGE ( 'NONE', *, *, #1007, .F. ) ;
#242 = CARTESIAN_POINT ( 'NONE',  ( 27.76385470966021174, 9.760388837671094109, 30.20049008825060000 ) ) ;
#243 = EDGE_CURVE ( 'NONE', #902, #528, #1274, .T. ) ;
#244 = FACE_OUTER_BOUND ( 'NONE', #964, .T. ) ;
#245 = CIRCLE ( 'NONE', #308, 2.068141946556154576 ) ;
#246 = DIRECTION ( 'NONE',  ( 0.008726535494841406240, 0.000000000000000000, -0.9999619230642021739 ) ) ;
#247 = CARTESIAN_POINT ( 'NONE',  ( 9.706034149333204297, -16.19828984384685100, 8.099276352154216596 ) ) ;
#248 = EDGE_CURVE ( 'NONE', #419, #327, #1030, .T. ) ;
#249 = CARTESIAN_POINT ( 'NONE',  ( 27.88806742772826652, 9.351710156153766107, 15.96712239017930202 ) ) ;
#250 = MANIFOLD_SOLID_BREP ( 'Cut-Extrude12', #588 ) ;
#251 = DIRECTION ( 'NONE',  ( 0.008726535494841404506, 0.000000000000000000, -0.9999619230642021739 ) ) ;
#252 = LINE ( 'NONE', #19, #470 ) ;
#253 = LINE ( 'NONE', #149, #1125 ) ;
#254 = DIRECTION ( 'NONE',  ( 0.9999619230642021739, 1.373986077641493626E-16, 0.008726535494841406240 ) ) ;
#255 = DIRECTION ( 'NONE',  ( -0.9999619230642021739, 8.673617379884044347E-16, -0.008726535494841406240 ) ) ;
#256 = CIRCLE ( 'NONE', #375, 0.7500000000000000000 ) ;
#257 = PLANE ( 'NONE',  #809 ) ;
#258 = VECTOR ( 'NONE', #144, 1000.000000000000114 ) ;
#259 = ORIENTED_EDGE ( 'NONE', *, *, #1025, .F. ) ;
#260 = ADVANCED_FACE ( 'NONE', ( #1077 ), #432, .T. ) ;
#261 = CARTESIAN_POINT ( 'NONE',  ( -6.990968849023131426, 26.80171015615314190, 1.953335344230410220 ) ) ;
#262 = CC_DESIGN_APPROVAL ( #148, ( #153 ) ) ;
#263 = CARTESIAN_POINT ( 'NONE',  ( 22.43159172416929437, -19.94828984384675863, 6.283720378591108435 ) ) ;
#264 = EDGE_CURVE ( 'NONE', #216, #747, #1053, .T. ) ;
#265 = VERTEX_POINT ( 'NONE', #1369 ) ;
#266 = LINE ( 'NONE', #690, #895 ) ;
#267 = PLANE ( 'NONE',  #1110 ) ;
#268 = DIRECTION ( 'NONE',  ( -0.9999619230642021739, 0.000000000000000000, -0.008726535494841406240 ) ) ;
#269 = AXIS2_PLACEMENT_3D ( 'NONE', #1194, #364, #464 ) ;
#270 = ORIENTED_EDGE ( 'NONE', *, *, #411, .T. ) ;
#271 = ORIENTED_EDGE ( 'NONE', *, *, #607, .F. ) ;
#272 = FACE_OUTER_BOUND ( 'NONE', #554, .T. ) ;
#273 = LINE ( 'NONE', #1245, #43 ) ;
#274 = CALENDAR_DATE ( 2026, 24, 8 ) ;
#275 = DIRECTION ( 'NONE',  ( 0.008726535494841404506, 0.000000000000000000, -0.9999619230642021739 ) ) ;
#276 = CIRCLE ( 'NONE', #998, 4.085841406613286431 ) ;
#277 = CARTESIAN_POINT ( 'NONE',  ( 24.75728362611303623, 7.351710156154711129, 30.94037162965781107 ) ) ;
#278 = ORIENTED_EDGE ( 'NONE', *, *, #1368, .F. ) ;
#279 = ORIENTED_EDGE ( 'NONE', *, *, #870, .T. ) ;
#280 = DIRECTION ( 'NONE',  ( -0.008726535494841404506, 0.000000000000000000, 0.9999619230642021739 ) ) ;
#281 = EDGE_CURVE ( 'NONE', #196, #1064, #426, .T. ) ;
#282 =( NAMED_UNIT ( * ) SI_UNIT ( $, .STERADIAN. ) SOLID_ANGLE_UNIT ( ) );
#283 = CARTESIAN_POINT ( 'NONE',  ( 19.46492746409321839, 30.55171015615323071, 6.184364767090357873 ) ) ;
#284 = CARTESIAN_POINT ( 'NONE',  ( 1.008726535490483744, -7.448289843846850111, 2.023147628189140956 ) ) ;
#285 = ORIENTED_EDGE ( 'NONE', *, *, #1039, .F. ) ;
#286 = ORIENTED_EDGE ( 'NONE', *, *, #451, .T. ) ;
#287 = AXIS2_PLACEMENT_3D ( 'NONE', #1129, #485, #397 ) ;
#288 = APPROVAL_PERSON_ORGANIZATION ( #1021, #1162, #409 ) ;
#289 = ADVANCED_FACE ( 'NONE', ( #317 ), #737, .F. ) ;
#290 = APPROVAL_ROLE ( '' ) ;
#291 = CIRCLE ( 'NONE', #1070, 1.699999999999999734 ) ;
#292 = CARTESIAN_POINT ( 'NONE',  ( 24.89289398770286965, 5.301710156154261000, 15.40096334524044153 ) ) ;
#293 = CARTESIAN_POINT ( 'NONE',  ( 21.40552326011435724, -19.94828984384676218, 6.249356645202146510 ) ) ;
#294 = ORIENTED_EDGE ( 'NONE', *, *, #1178, .F. ) ;
#295 = CIRCLE ( 'NONE', #716, 0.7500000000000016653 ) ;
#296 = COORDINATED_UNIVERSAL_TIME_OFFSET ( 5, 0, .BEHIND. ) ;
#297 = CARTESIAN_POINT ( 'NONE',  ( -7.775846433300651839, -16.19828984384685100, 5.946638134866086389 ) ) ;
#298 = CARTESIAN_POINT ( 'NONE',  ( 9.758393362302253848, -16.19828984384685100, 2.099504813769003775 ) ) ;
#299 = VERTEX_POINT ( 'NONE', #1060 ) ;
#300 = AXIS2_PLACEMENT_3D ( 'NONE', #553, #224, #981 ) ;
#301 = ADVANCED_FACE ( 'NONE', ( #104 ), #555, .T. ) ;
#302 = CIRCLE ( 'NONE', #126, 1.699999999999999067 ) ;
#303 = CARTESIAN_POINT ( 'NONE',  ( 1.008726535490483744, -7.448289843846850111, 2.023147628189140956 ) ) ;
#304 = CARTESIAN_POINT ( 'NONE',  ( -7.043328061992180089, 26.80171015615314190, 7.953106882615624151 ) ) ;
#305 = EDGE_LOOP ( 'NONE', ( #1179, #1214, #1235, #497 ) ) ;
#306 = DIRECTION ( 'NONE',  ( -0.008726535494841404506, 0.000000000000000000, 0.9999619230642021739 ) ) ;
#307 = ORIENTED_EDGE ( 'NONE', *, *, #366, .T. ) ;
#308 = AXIS2_PLACEMENT_3D ( 'NONE', #1120, #167, #589 ) ;
#309 = LOCAL_TIME ( 20, 35, 50.00000000000000000, #296 ) ;
#310 = LINE ( 'NONE', #324, #1100 ) ;
#311 = EDGE_CURVE ( 'NONE', #368, #238, #1143, .T. ) ;
#312 = DIRECTION ( 'NONE',  ( -0.9999619230642021739, 0.000000000000000000, -0.008726535494841444404 ) ) ;
#313 = EDGE_LOOP ( 'NONE', ( #997, #233, #1161, #1365 ) ) ;
#314 = CARTESIAN_POINT ( 'NONE',  ( -7.740940291321284583, -16.19828984384685100, 1.946790442609279470 ) ) ;
#315 = ORIENTED_EDGE ( 'NONE', *, *, #281, .F. ) ;
#316 = VECTOR ( 'NONE', #1372, 1000.000000000000114 ) ;
#317 = FACE_OUTER_BOUND ( 'NONE', #137, .T. ) ;
#318 = ADVANCED_FACE ( 'NONE', ( #731 ), #482, .F. ) ;
#319 = CARTESIAN_POINT ( 'NONE',  ( 22.74929955890958766, 30.30084442222095120, 8.317355065338691844 ) ) ;
#320 = ORIENTED_EDGE ( 'NONE', *, *, #954, .T. ) ;
#321 = CARTESIAN_POINT ( 'NONE',  ( 9.706034149333204297, -16.19828984384685100, 8.099276352154216596 ) ) ;
#322 = ORIENTED_EDGE ( 'NONE', *, *, #1086, .F. ) ;
#323 = CIRCLE ( 'NONE', #572, 0.7500000000000000000 ) ;
#324 = CARTESIAN_POINT ( 'NONE',  ( -11.57664238452817429, 30.55171015615314900, 7.751067362589185272 ) ) ;
#325 = AXIS2_PLACEMENT_3D ( 'NONE', #885, #254, #1094 ) ;
#326 = DIRECTION ( 'NONE',  ( -0.9999619230642021739, 0.000000000000000000, -0.008726535494841435731 ) ) ;
#327 = VERTEX_POINT ( 'NONE', #718 ) ;
#328 = CARTESIAN_POINT ( 'NONE',  ( 9.108418112310520343, 18.05171015615314545, 2.093832565697355985 ) ) ;
#329 = ORIENTED_EDGE ( 'NONE', *, *, #592, .F. ) ;
#330 = DIRECTION ( 'NONE',  ( 0.000000000000000000, -0.6851126357423285018, -0.7284371464623419223 ) ) ;
#331 = DIRECTION ( 'NONE',  ( 0.9999619230642020629, -0.000000000000000000, 0.008726535494841406240 ) ) ;
#332 = VECTOR ( 'NONE', #1323, 1000.000000000000114 ) ;
#333 = PLANE ( 'NONE',  #86 ) ;
#334 = APPROVAL ( #594, 'UNSPECIFIED' ) ;
#335 = ORIENTED_EDGE ( 'NONE', *, *, #607, .T. ) ;
#336 = PLANE ( 'NONE',  #525 ) ;
#337 = ORIENTED_EDGE ( 'NONE', *, *, #61, .F. ) ;
#338 = EDGE_LOOP ( 'NONE', ( #1234, #1296, #320, #241 ) ) ;
#339 = CIRCLE ( 'NONE', #688, 0.7500000000000016653 ) ;
#340 = DIRECTION ( 'NONE',  ( 0.008726535494841406240, 0.000000000000000000, -0.9999619230642021739 ) ) ;
#341 = FACE_OUTER_BOUND ( 'NONE', #1272, .T. ) ;
#342 = FACE_OUTER_BOUND ( 'NONE', #1140, .T. ) ;
#343 = ORIENTED_EDGE ( 'NONE', *, *, #1028, .F. ) ;
#344 = DIRECTION ( 'NONE',  ( 0.9999619230642020629, -1.387778780781445429E-16, 0.008726535494841404506 ) ) ;
#345 = ORIENTED_EDGE ( 'NONE', *, *, #1321, .F. ) ;
#346 = EDGE_LOOP ( 'NONE', ( #832, #638, #569, #431 ) ) ;
#347 = ADVANCED_FACE ( 'NONE', ( #1364 ), #418, .F. ) ;
#348 = DIRECTION ( 'NONE',  ( 0.008726535494841404506, 0.000000000000000000, -0.9999619230642021739 ) ) ;
#349 = CARTESIAN_POINT ( 'NONE',  ( -6.093364235081190294, 26.80171015615314190, 7.961397091335721932 ) ) ;
#350 = CIRCLE ( 'NONE', #766, 1.699999999999999067 ) ;
#351 = CARTESIAN_POINT ( 'NONE',  ( 9.706034149333206074, 26.80171015615314190, 8.099276352154216596 ) ) ;
#352 = EDGE_CURVE ( 'NONE', #655, #889, #295, .T. ) ;
#353 = EDGE_LOOP ( 'NONE', ( #452, #960, #26, #943 ) ) ;
#354 = LINE ( 'NONE', #465, #147 ) ;
#355 = ORIENTED_EDGE ( 'NONE', *, *, #352, .F. ) ;
#356 = PLANE ( 'NONE',  #371 ) ;
#357 = B_SPLINE_CURVE_WITH_KNOTS ( 'NONE', 2,
 ( #1202, #1095, #573 ),
 .UNSPECIFIED., .F., .F.,
 ( 3, 3 ),
 ( 0.000000000000000000, 1.000000000000000000 ),
 .UNSPECIFIED. ) ;
#358 = CARTESIAN_POINT ( 'NONE',  ( 22.94269714955055051, -18.41237039986370405, 9.685359553007938160 ) ) ;
#359 = EDGE_CURVE ( 'NONE', #974, #769, #899, .T. ) ;
#360 = LOCAL_TIME ( 20, 35, 50.00000000000000000, #802 ) ;
#361 = DIRECTION ( 'NONE',  ( 0.9999619230642021739, 0.000000000000000000, 0.008726535494841146032 ) ) ;
#362 = ORIENTED_EDGE ( 'NONE', *, *, #156, .F. ) ;
#363 = DIRECTION ( 'NONE',  ( -0.008726535494841404506, 0.000000000000000000, 0.9999619230642021739 ) ) ;
#364 = DIRECTION ( 'NONE',  ( 0.008726535494841404506, 0.000000000000000000, -0.9999619230642021739 ) ) ;
#365 = EDGE_CURVE ( 'NONE', #1254, #1072, #206, .T. ) ;
#366 = EDGE_CURVE ( 'NONE', #124, #764, #534, .T. ) ;
#367 = AXIS2_PLACEMENT_3D ( 'NONE', #122, #198, #519 ) ;
#368 = VERTEX_POINT ( 'NONE', #304 ) ;
#369 = DIRECTION ( 'NONE',  ( 0.008726535494841404506, 0.000000000000000000, -0.9999619230642021739 ) ) ;
#370 = DIRECTION ( 'NONE',  ( -0.008726535494841404506, 0.000000000000000000, 0.9999619230642020629 ) ) ;
#371 = AXIS2_PLACEMENT_3D ( 'NONE', #15, #760, #454 ) ;
#372 = ORIENTED_EDGE ( 'NONE', *, *, #851, .F. ) ;
#373 = DIRECTION ( 'NONE',  ( 0.008726535494841404506, 0.000000000000000000, -0.9999619230642021739 ) ) ;
#374 = DIRECTION ( 'NONE',  ( 0.008726535494841404506, 0.000000000000000000, -0.9999619230642020629 ) ) ;
#375 = AXIS2_PLACEMENT_3D ( 'NONE', #298, #804, #67 ) ;
#376 = PLANE ( 'NONE',  #1054 ) ;
#377 = ORIENTED_EDGE ( 'NONE', *, *, #492, .F. ) ;
#378 = ORIENTED_EDGE ( 'NONE', *, *, #628, .T. ) ;
#379 = LINE ( 'NONE', #1027, #719 ) ;
#380 = DIRECTION ( 'NONE',  ( -0.9999619230642021739, 0.000000000000000000, -0.008726535494841444404 ) ) ;
#381 = PERSON_AND_ORGANIZATION_ROLE ( 'classification_officer' ) ;
#382 = CARTESIAN_POINT ( 'NONE',  ( 0.9738203935111182652, -7.448289843846850111, 6.022995320445948764 ) ) ;
#383 = CARTESIAN_POINT ( 'NONE',  ( 19.46492746409335695, -19.94828984384676573, 6.184364767090357873 ) ) ;
#384 = AXIS2_PLACEMENT_3D ( 'NONE', #222, #842, #89 ) ;
#385 = ORIENTED_EDGE ( 'NONE', *, *, #808, .F. ) ;
#386 = ORIENTED_EDGE ( 'NONE', *, *, #421, .T. ) ;
#387 = EDGE_CURVE ( 'NONE', #806, #1267, #1226, .T. ) ;
#388 = CARTESIAN_POINT ( 'NONE',  ( 24.88818165853565745, 1.251710156154754561, 15.94094278369477813 ) ) ;
#389 = FACE_OUTER_BOUND ( 'NONE', #715, .T. ) ;
#390 = EDGE_CURVE ( 'NONE', #196, #762, #1099, .T. ) ;
#391 = CIRCLE ( 'NONE', #1236, 8.099999999999999645 ) ;
#392 = CARTESIAN_POINT ( 'NONE',  ( 27.95675706029992824, 30.55171015615314900, 8.096070112723788625 ) ) ;
#393 = VERTEX_POINT ( 'NONE', #1042 ) ;
#394 = VERTEX_POINT ( 'NONE', #635 ) ;
#395 = PRODUCT_DEFINITION ( 'UNKNOWN', '', #618, #129 ) ;
#396 = DATE_AND_TIME ( #1244, #559 ) ;
#397 = DIRECTION ( 'NONE',  ( -0.9999619230642020629, 0.000000000000000000, -0.008726535494841404506 ) ) ;
#398 = DIRECTION ( 'NONE',  ( -0.008726535494841404506, 0.000000000000000000, 0.9999619230642020629 ) ) ;
#399 = EDGE_LOOP ( 'NONE', ( #355, #631 ) ) ;
#400 = AXIS2_PLACEMENT_3D ( 'NONE', #935, #707, #1352 ) ;
#401 = VECTOR ( 'NONE', #1134, 1000.000000000000000 ) ;
#402 = CALENDAR_DATE ( 2026, 24, 8 ) ;
#403 = AXIS2_PLACEMENT_3D ( 'NONE', #25, #979, #17 ) ;
#404 = LINE ( 'NONE', #1347, #332 ) ;
#405 = EDGE_CURVE ( 'NONE', #450, #528, #1055, .T. ) ;
#406 = DIRECTION ( 'NONE',  ( 0.9999619230642021739, 0.000000000000000000, 0.008726535494841166848 ) ) ;
#407 = EDGE_LOOP ( 'NONE', ( #546, #203, #184, #271 ) ) ;
#408 = DIRECTION ( 'NONE',  ( 0.008726535494841404506, 0.000000000000000000, -0.9999619230642021739 ) ) ;
#409 = APPROVAL_ROLE ( '' ) ;
#410 = DIRECTION ( 'NONE',  ( -0.9999619230642021739, 0.000000000000000000, -0.008726535494841146032 ) ) ;
#411 = EDGE_CURVE ( 'NONE', #764, #33, #1271, .T. ) ;
#412 = VERTEX_POINT ( 'NONE', #194 ) ;
#413 = DIRECTION ( 'NONE',  ( 0.9999619230642021739, 0.000000000000000000, 0.008726535494841146032 ) ) ;
#414 = ORIENTED_EDGE ( 'NONE', *, *, #162, .F. ) ;
#415 = AXIS2_PLACEMENT_3D ( 'NONE', #1273, #623, #1374 ) ;
#416 = EDGE_CURVE ( 'NONE', #124, #537, #28, .T. ) ;
#417 = CARTESIAN_POINT ( 'NONE',  ( 9.758393362302255625, 26.80171015615314190, 2.099504813769003775 ) ) ;
#418 = CYLINDRICAL_SURFACE ( 'NONE', #119, 8.099999999999999645 ) ;
#419 = VERTEX_POINT ( 'NONE', #427 ) ;
#420 = FACE_BOUND ( 'NONE', #428, .T. ) ;
#421 = EDGE_CURVE ( 'NONE', #1044, #918, #941, .T. ) ;
#422 = ORIENTED_EDGE ( 'NONE', *, *, #390, .T. ) ;
#423 = B_SPLINE_CURVE_WITH_KNOTS ( 'NONE', 3,
 ( #158, #578, #1008, #1330, #800, #1229 ),
 .UNSPECIFIED., .F., .F.,
 ( 4, 2, 4 ),
 ( 4.312253326581776054E-13, 0.001131639450253022188, 0.002263278900074819008 ),
 .UNSPECIFIED. ) ;
#424 = AXIS2_PLACEMENT_3D ( 'NONE', #720, #1353, #406 ) ;
#425 = EDGE_CURVE ( 'NONE', #845, #299, #939, .T. ) ;
#426 = LINE ( 'NONE', #841, #847 ) ;
#427 = CARTESIAN_POINT ( 'NONE',  ( -8.490911733619435964, -16.19828984384685100, 1.940245540988148276 ) ) ;
#428 = EDGE_LOOP ( 'NONE', ( #765, #191 ) ) ;
#429 = FACE_BOUND ( 'NONE', #1088, .T. ) ;
#430 = VERTEX_POINT ( 'NONE', #1171 ) ;
#431 = ORIENTED_EDGE ( 'NONE', *, *, #1079, .F. ) ;
#432 = CYLINDRICAL_SURFACE ( 'NONE', #367, 1.699999999999999067 ) ;
#433 = AXIS2_PLACEMENT_3D ( 'NONE', #228, #651, #87 ) ;
#434 = DIRECTION ( 'NONE',  ( -0.9999619230642021739, 0.000000000000000000, -0.008726535494841146032 ) ) ;
#435 = VERTEX_POINT ( 'NONE', #213 ) ;
#436 = DIRECTION ( 'NONE',  ( 0.9999619230642020629, 0.000000000000000000, 0.008726535494841404506 ) ) ;
#437 = EDGE_LOOP ( 'NONE', ( #378, #270 ) ) ;
#438 = CARTESIAN_POINT ( 'NONE',  ( 22.86857853838542454, 30.55171015615324492, 8.126151270962402862 ) ) ;
#439 = DIRECTION ( 'NONE',  ( 0.9999619230642020629, -0.000000000000000000, 0.008726535494841406240 ) ) ;
#440 = CARTESIAN_POINT ( 'NONE',  ( 27.69204994568785239, 30.55171015615325558, 2.587308764150536788 ) ) ;
#441 = VERTEX_POINT ( 'NONE', #1061 ) ;
#442 = CYLINDRICAL_SURFACE ( 'NONE', #1370, 0.7500000000000000000 ) ;
#443 = ORIENTED_EDGE ( 'NONE', *, *, #961, .F. ) ;
#444 = CARTESIAN_POINT ( 'NONE',  ( -11.52570364479140075, 30.55171015615314900, 5.913913626760431974 ) ) ;
#445 = DIRECTION ( 'NONE',  ( -0.9999619230642020629, 0.000000000000000000, -0.008726535494841442669 ) ) ;
#446 =( GEOMETRIC_REPRESENTATION_CONTEXT ( 3 ) GLOBAL_UNCERTAINTY_ASSIGNED_CONTEXT ( ( #671 ) ) GLOBAL_UNIT_ASSIGNED_CONTEXT ( ( #614, #705, #282 ) ) REPRESENTATION_CONTEXT ( 'NONE', 'WORKASPACE' ) );
#447 = LINE ( 'NONE', #869, #111 ) ;
#448 = VERTEX_POINT ( 'NONE', #106 ) ;
#449 = DIRECTION ( 'NONE',  ( 0.9999619230642021739, 0.000000000000000000, 0.008726535494841166848 ) ) ;
#450 = VERTEX_POINT ( 'NONE', #1212 ) ;
#451 = EDGE_CURVE ( 'NONE', #1267, #806, #204, .T. ) ;
#452 = ORIENTED_EDGE ( 'NONE', *, *, #264, .F. ) ;
#453 = DIRECTION ( 'NONE',  ( -0.9999619230642020629, -2.775557561562890562E-15, -0.008726535494841404506 ) ) ;
#454 = DIRECTION ( 'NONE',  ( -0.9999619230642020629, 1.387778780781445429E-16, -0.008726535494841404506 ) ) ;
#455 = AXIS2_PLACEMENT_3D ( 'NONE', #615, #116, #410 ) ;
#456 = DIRECTION ( 'NONE',  ( -2.775451876835816020E-15, 1.000000000000000000, -2.422100157895402736E-17 ) ) ;
#457 = ORIENTED_EDGE ( 'NONE', *, *, #311, .T. ) ;
#458 = DIRECTION ( 'NONE',  ( -2.775451876835816020E-15, 1.000000000000000000, -2.422100157895402736E-17 ) ) ;
#459 = EDGE_CURVE ( 'NONE', #450, #797, #691, .T. ) ;
#460 = DIRECTION ( 'NONE',  ( 0.008649985458783922970, -0.1321637200912011978, -0.9911901577614748993 ) ) ;
#461 = EDGE_CURVE ( 'NONE', #99, #1299, #70, .T. ) ;
#462 = FACE_OUTER_BOUND ( 'NONE', #612, .T. ) ;
#463 = AXIS2_PLACEMENT_3D ( 'NONE', #908, #976, #641 ) ;
#464 = DIRECTION ( 'NONE',  ( -0.9999619230642020629, 0.000000000000000000, -0.008726535494841442669 ) ) ;
#465 = CARTESIAN_POINT ( 'NONE',  ( -11.52570364479140785, -19.94828984384685100, 5.913913626760431974 ) ) ;
#466 = EDGE_LOOP ( 'NONE', ( #101, #694 ) ) ;
#467 = PLANE ( 'NONE',  #325 ) ;
#468 = ADVANCED_FACE ( 'NONE', ( #342 ), #333, .T. ) ;
#469 = DIRECTION ( 'NONE',  ( 8.673287115111934923E-16, 1.000000000000000000, 7.569062993423140675E-18 ) ) ;
#470 = VECTOR ( 'NONE', #669, 1000.000000000000114 ) ;
#471 = DIRECTION ( 'NONE',  ( 0.008726535494841404506, 0.000000000000000000, -0.9999619230642021739 ) ) ;
#472 = AXIS2_PLACEMENT_3D ( 'NONE', #667, #139, #567 ) ;
#473 = FACE_OUTER_BOUND ( 'NONE', #1083, .T. ) ;
#474 = VECTOR ( 'NONE', #955, 1000.000000000000114 ) ;
#475 = CARTESIAN_POINT ( 'NONE',  ( 22.94269714955055406, -19.94828984384675863, 9.685359553007938160 ) ) ;
#476 = EDGE_LOOP ( 'NONE', ( #1103, #1349, #1195, #29 ) ) ;
#477 = CARTESIAN_POINT ( 'NONE',  ( 19.46492746409321839, 30.55171015615323071, 6.184364767090357873 ) ) ;
#478 = CARTESIAN_POINT ( 'NONE',  ( 24.88818165853565745, 9.351710156153766107, 15.94094278369477813 ) ) ;
#479 = CARTESIAN_POINT ( 'NONE',  ( 24.75728362611303623, 7.351710156154741327, 30.94037162965781462 ) ) ;
#480 = ORIENTED_EDGE ( 'NONE', *, *, #234, .T. ) ;
#481 = VERTEX_POINT ( 'NONE', #768 ) ;
#482 = B_SPLINE_SURFACE_WITH_KNOTS ( 'NONE', 2, 1, ( 
 ( #836, #1177 ),
 ( #1279, #440 ),
 ( #621, #515 ) ),
 .UNSPECIFIED., .F., .F., .F.,
 ( 3, 3 ),
 ( 2, 2 ),
 ( 0.000000000000000000, 1.000000000000000000 ),
 ( 0.000000000000000000, 1.000000000000000000 ),
 .UNSPECIFIED. ) ;
#483 = CARTESIAN_POINT ( 'NONE',  ( -11.52570364479140785, -17.94828984384685100, 5.913913626760431974 ) ) ;
#484 = CARTESIAN_POINT ( 'NONE',  ( 21.40552325992717542, 30.55171015615324137, 6.249356645195880411 ) ) ;
#485 = DIRECTION ( 'NONE',  ( 0.008726535494841406240, 0.000000000000000000, -0.9999619230642021739 ) ) ;
#486 = VECTOR ( 'NONE', #495, 1000.000000000000000 ) ;
#487 = DIRECTION ( 'NONE',  ( -0.9999619230642021739, 0.000000000000000000, -0.008726535494841166848 ) ) ;
#488 = ORIENTED_EDGE ( 'NONE', *, *, #592, .T. ) ;
#489 = EDGE_CURVE ( 'NONE', #909, #435, #1186, .T. ) ;
#490 = ORIENTED_EDGE ( 'NONE', *, *, #45, .T. ) ;
#491 = CARTESIAN_POINT ( 'NONE',  ( -7.793299504290333246, 26.80171015615314190, 7.946561980994491847 ) ) ;
#492 = EDGE_CURVE ( 'NONE', #110, #880, #736, .T. ) ;
#493 = DATE_AND_TIME ( #402, #685 ) ;
#494 = CARTESIAN_POINT ( 'NONE',  ( 9.108418112310520343, 18.05171015615314545, 2.093832565697355985 ) ) ;
#495 = DIRECTION ( 'NONE',  ( 0.008649985458783922970, -0.1321637200912011978, -0.9911901577614748993 ) ) ;
#496 = VECTOR ( 'NONE', #1358, 1000.000000000000114 ) ;
#497 = ORIENTED_EDGE ( 'NONE', *, *, #411, .F. ) ;
#498 = VECTOR ( 'NONE', #729, 1000.000000000000114 ) ;
#499 = LINE ( 'NONE', #180, #401 ) ;
#500 = APPLICATION_PROTOCOL_DEFINITION ( 'international standard', 'config_control_design', 1994, #586 ) ;
#501 = DIRECTION ( 'NONE',  ( -0.008726535494841404506, 0.000000000000000000, 0.9999619230642020629 ) ) ;
#502 = VECTOR ( 'NONE', #453, 1000.000000000000114 ) ;
#503 = FACE_OUTER_BOUND ( 'NONE', #476, .T. ) ;
#504 = VERTEX_POINT ( 'NONE', #894 ) ;
#505 = VECTOR ( 'NONE', #665, 1000.000000000000000 ) ;
#506 = EDGE_CURVE ( 'NONE', #777, #967, #1336, .T. ) ;
#507 = DIRECTION ( 'NONE',  ( 1.000000000000000000, 0.000000000000000000, 0.000000000000000000 ) ) ;
#508 = CARTESIAN_POINT ( 'NONE',  ( -6.075911164091507999, 26.80171015615314190, 5.961473245207316474 ) ) ;
#509 = DIRECTION ( 'NONE',  ( 0.008726535494841404506, 0.000000000000000000, -0.9999619230642021739 ) ) ;
#510 = ORIENTED_EDGE ( 'NONE', *, *, #850, .T. ) ;
#511 = AXIS2_PLACEMENT_3D ( 'NONE', #382, #275, #700 ) ;
#512 = EDGE_CURVE ( 'NONE', #1115, #747, #801, .T. ) ;
#513 = PERSON_AND_ORGANIZATION ( #868, #1157 ) ;
#514 = AXIS2_PLACEMENT_3D ( 'NONE', #775, #251, #674 ) ;
#515 = CARTESIAN_POINT ( 'NONE',  ( 27.95675706029994600, 30.55171015615325558, 8.096070112723788625 ) ) ;
#516 = EDGE_LOOP ( 'NONE', ( #47, #240 ) ) ;
#517 = DIRECTION ( 'NONE',  ( -0.008726535494841404506, 0.000000000000000000, 0.9999619230642020629 ) ) ;
#518 = ORIENTED_EDGE ( 'NONE', *, *, #142, .T. ) ;
#519 = DIRECTION ( 'NONE',  ( -0.9999619230642020629, 0.000000000000000000, -0.008726535494841442669 ) ) ;
#520 = ADVANCED_FACE ( 'NONE', ( #151 ), #575, .T. ) ;
#521 = CARTESIAN_POINT ( 'NONE',  ( -7.740940291321284583, 26.80171015615314190, 1.946790442609279470 ) ) ;
#522 = ORIENTED_EDGE ( 'NONE', *, *, #833, .F. ) ;
#523 = CARTESIAN_POINT ( 'NONE',  ( -7.090965041329553742, 18.05171015615314545, 1.952462690680925483 ) ) ;
#524 = ORIENTED_EDGE ( 'NONE', *, *, #1321, .T. ) ;
#525 = AXIS2_PLACEMENT_3D ( 'NONE', #756, #965, #436 ) ;
#526 = CARTESIAN_POINT ( 'NONE',  ( -6.093364235081190294, -16.19828984384685100, 7.961397091335721932 ) ) ;
#527 = CARTESIAN_POINT ( 'NONE',  ( 9.108418112310520343, -7.448289843846850111, 2.093832565697355985 ) ) ;
#528 = VERTEX_POINT ( 'NONE', #761 ) ;
#529 = DIRECTION ( 'NONE',  ( -0.9999619230642020629, 0.000000000000000000, -0.008726535494841442669 ) ) ;
#530 = ORIENTED_EDGE ( 'NONE', *, *, #1337, .F. ) ;
#531 = AXIS2_PLACEMENT_3D ( 'NONE', #579, #1009, #602 ) ;
#532 = FACE_OUTER_BOUND ( 'NONE', #210, .T. ) ;
#533 = ADVANCED_FACE ( 'NONE', ( #473 ), #898, .F. ) ;
#534 = LINE ( 'NONE', #627, #496 ) ;
#535 = EDGE_LOOP ( 'NONE', ( #490, #1153 ) ) ;
#536 = DIRECTION ( 'NONE',  ( 0.9999619230642021739, -0.000000000000000000, 0.008726535494841406240 ) ) ;
#537 = VERTEX_POINT ( 'NONE', #1207 ) ;
#538 = PRODUCT_RELATED_PRODUCT_CATEGORY ( 'detail', '', ( #1216 ) ) ;
#539 = LINE ( 'NONE', #682, #1170 ) ;
#540 = DIRECTION ( 'NONE',  ( 0.008726535494841404506, 0.000000000000000000, -0.9999619230642021739 ) ) ;
#541 = AXIS2_PLACEMENT_3D ( 'NONE', #303, #1255, #1163 ) ;
#542 = AXIS2_PLACEMENT_3D ( 'NONE', #200, #81, #963 ) ;
#543 = DIRECTION ( 'NONE',  ( -0.008726535494841404506, 0.000000000000000000, 0.9999619230642020629 ) ) ;
#544 = ORIENTED_EDGE ( 'NONE', *, *, #730, .F. ) ;
#545 = FACE_BOUND ( 'NONE', #710, .T. ) ;
#546 = ORIENTED_EDGE ( 'NONE', *, *, #1247, .F. ) ;
#547 = CIRCLE ( 'NONE', #1320, 1.699999999999999067 ) ;
#548 = CARTESIAN_POINT ( 'NONE',  ( 22.43159172416915581, 30.55171015615324492, 6.283720378591107547 ) ) ;
#549 = FACE_OUTER_BOUND ( 'NONE', #813, .T. ) ;
#550 = EDGE_CURVE ( 'NONE', #1049, #564, #447, .T. ) ;
#551 = DIRECTION ( 'NONE',  ( 0.9999619230642021739, 0.000000000000000000, 0.008726535494841439200 ) ) ;
#552 = ORIENTED_EDGE ( 'NONE', *, *, #774, .T. ) ;
#553 = CARTESIAN_POINT ( 'NONE',  ( -4.031133025554908045, 0.000000000000000000, 5.979317753676535396 ) ) ;
#554 = EDGE_LOOP ( 'NONE', ( #1058, #178, #107, #1316 ) ) ;
#555 = CYLINDRICAL_SURFACE ( 'NONE', #542, 1.699999999999999067 ) ;
#556 = CARTESIAN_POINT ( 'NONE',  ( 19.46492746409335695, -19.94828984384676573, 6.184364767090357873 ) ) ;
#557 = DIRECTION ( 'NONE',  ( -0.001153331394506151549, -0.9912279006826103522, 0.1321586877017165151 ) ) ;
#558 = CIRCLE ( 'NONE', #790, 0.7500000000000000000 ) ;
#559 = LOCAL_TIME ( 20, 35, 50.00000000000000000, #193 ) ;
#560 = PLANE ( 'NONE',  #645 ) ;
#561 = ORIENTED_EDGE ( 'NONE', *, *, #1302, .T. ) ;
#562 = LINE ( 'NONE', #1209, #749 ) ;
#563 = ADVANCED_FACE ( 'NONE', ( #132 ), #560, .T. ) ;
#564 = VERTEX_POINT ( 'NONE', #1304 ) ;
#565 = CYLINDRICAL_SURFACE ( 'NONE', #786, 0.7500000000000016653 ) ;
#566 = AXIS2_PLACEMENT_3D ( 'NONE', #1004, #781, #886 ) ;
#567 = DIRECTION ( 'NONE',  ( -0.9999619230642020629, 0.000000000000000000, -0.008726535494841442669 ) ) ;
#568 = DIRECTION ( 'NONE',  ( -0.008726535494841404506, 0.000000000000000000, 0.9999619230642021739 ) ) ;
#569 = ORIENTED_EDGE ( 'NONE', *, *, #34, .T. ) ;
#570 = EDGE_CURVE ( 'NONE', #170, #1064, #357, .T. ) ;
#571 = LINE ( 'NONE', #35, #1106 ) ;
#572 = AXIS2_PLACEMENT_3D ( 'NONE', #969, #235, #1114 ) ;
#573 = CARTESIAN_POINT ( 'NONE',  ( 27.95675706030006680, -19.94828984384674797, 8.096070112723792178 ) ) ;
#574 = DIRECTION ( 'NONE',  ( -0.008726535494841404506, 0.000000000000000000, 0.9999619230642020629 ) ) ;
#575 = CYLINDRICAL_SURFACE ( 'NONE', #754, 1.699999999999999067 ) ;
#576 = CARTESIAN_POINT ( 'NONE',  ( 27.89277975689547517, 5.301710156154261000, 15.42714295172496541 ) ) ;
#577 = VERTEX_POINT ( 'NONE', #358 ) ;
#578 = CARTESIAN_POINT ( 'NONE',  ( 22.74929955889503219, -19.69742410995009863, 8.317355065300702677 ) ) ;
#579 = CARTESIAN_POINT ( 'NONE',  ( 1.008726535490483744, -7.448289843846850111, 2.023147628189140956 ) ) ;
#580 = FACE_OUTER_BOUND ( 'NONE', #305, .T. ) ;
#581 = ORIENTED_EDGE ( 'NONE', *, *, #34, .F. ) ;
#582 = LINE ( 'NONE', #483, #1123 ) ;
#583 = DIRECTION ( 'NONE',  ( -0.008726535494841008989, 0.000000000000000000, 0.9999619230642020629 ) ) ;
#584 = AXIS2_PLACEMENT_3D ( 'NONE', #838, #1266, #733 ) ;
#585 = ADVANCED_FACE ( 'NONE', ( #244 ), #1000, .T. ) ;
#586 = APPLICATION_CONTEXT ( 'configuration controlled 3d designs of mechanical parts and assemblies' ) ;
#587 = CARTESIAN_POINT ( 'NONE',  ( 22.75852336795980335, 5.301710156156155485, 30.78958458322973257 ) ) ;
#588 = CLOSED_SHELL ( 'NONE', ( #199, #1290, #37, #16, #260, #1136, #1345, #90, #533, #784, #887, #95, #905, #798, #69, #1208, #1246, #468, #563, #1200, #165, #347, #994, #835, #1184, #520, #919, #1067, #176, #585, #884, #301, #735, #318, #1128, #927, #50, #289, #1104, #1238, #1003, #1269 ) ) ;
#589 = DIRECTION ( 'NONE',  ( 0.008726535494842086252, 0.000000000000000000, -0.9999619230642021739 ) ) ;
#590 = EDGE_LOOP ( 'NONE', ( #372, #664, #1335, #910, #315 ) ) ;
#591 = ORIENTED_EDGE ( 'NONE', *, *, #7, .F. ) ;
#592 = EDGE_CURVE ( 'NONE', #394, #216, #1355, .T. ) ;
#593 = CYLINDRICAL_SURFACE ( 'NONE', #1041, 0.7500000000000000000 ) ;
#594 = APPROVAL_STATUS ( 'not_yet_approved' ) ;
#595 = LINE ( 'NONE', #494, #891 ) ;
#596 = AXIS2_PLACEMENT_3D ( 'NONE', #1043, #1023, #709 ) ;
#597 = CARTESIAN_POINT ( 'NONE',  ( 24.89289398770286965, 5.301710156154261000, 15.40096334524044153 ) ) ;
#598 = EDGE_LOOP ( 'NONE', ( #1300, #155, #18, #1197 ) ) ;
#599 = EDGE_CURVE ( 'NONE', #430, #825, #1102, .T. ) ;
#600 = ORIENTED_EDGE ( 'NONE', *, *, #1326, .T. ) ;
#601 = CARTESIAN_POINT ( 'NONE',  ( 27.75716939530564531, 3.251710156157566978, 30.96655123614233318 ) ) ;
#602 = DIRECTION ( 'NONE',  ( 0.9999619230642021739, 0.000000000000000000, 0.008726535494841390628 ) ) ;
#603 = CARTESIAN_POINT ( 'NONE',  ( 27.69204994568785239, 30.55171015615325558, 2.587308764150536788 ) ) ;
#604 = VECTOR ( 'NONE', #439, 1000.000000000000114 ) ;
#605 = VERTEX_POINT ( 'NONE', #785 ) ;
#606 = AXIS2_PLACEMENT_3D ( 'NONE', #1378, #1286, #434 ) ;
#607 = EDGE_CURVE ( 'NONE', #769, #974, #226, .T. ) ;
#608 = EDGE_CURVE ( 'NONE', #991, #448, #684, .T. ) ;
#609 = PERSON_AND_ORGANIZATION_ROLE ( 'design_supplier' ) ;
#610 = FACE_BOUND ( 'NONE', #62, .T. ) ;
#611 = CARTESIAN_POINT ( 'NONE',  ( 9.108418112310520343, -7.448289843846850111, 2.093832565697355985 ) ) ;
#612 = EDGE_LOOP ( 'NONE', ( #814, #552, #1287, #1122 ) ) ;
#613 = VECTOR ( 'NONE', #999, 1000.000000000000114 ) ;
#614 =( LENGTH_UNIT ( ) NAMED_UNIT ( * ) SI_UNIT ( .MILLI., .METRE. ) );
#615 = CARTESIAN_POINT ( 'NONE',  ( 9.758393362302255625, 26.80171015615314190, 2.099504813769003775 ) ) ;
#616 = PLANE ( 'NONE',  #984 ) ;
#617 = ORIENTED_EDGE ( 'NONE', *, *, #1191, .T. ) ;
#618 = PRODUCT_DEFINITION_FORMATION_WITH_SPECIFIED_SOURCE ( 'ANY', '', #1216, .NOT_KNOWN. ) ;
#619 = EDGE_CURVE ( 'NONE', #435, #430, #938, .T. ) ;
#620 = LINE ( 'NONE', #743, #604 ) ;
#621 = CARTESIAN_POINT ( 'NONE',  ( 27.95675706030008456, -19.94828984384674797, 8.096070112723790402 ) ) ;
#622 = ORIENTED_EDGE ( 'NONE', *, *, #1133, .F. ) ;
#623 = DIRECTION ( 'NONE',  ( -0.9999619230642022849, -0.000000000000000000, -0.008726535494841407975 ) ) ;
#624 = ORIENTED_EDGE ( 'NONE', *, *, #425, .F. ) ;
#625 = VECTOR ( 'NONE', #543, 1000.000000000000114 ) ;
#626 = DIRECTION ( 'NONE',  ( -0.9999619230642021739, 0.000000000000000000, -0.008726535494841146032 ) ) ;
#627 = CARTESIAN_POINT ( 'NONE',  ( 9.008421920004101580, 26.80171015615314190, 2.092959912147872803 ) ) ;
#628 = EDGE_CURVE ( 'NONE', #33, #764, #339, .T. ) ;
#629 = ORIENTED_EDGE ( 'NONE', *, *, #1232, .T. ) ;
#630 = CARTESIAN_POINT ( 'NONE',  ( -7.740940291321284583, 26.80171015615314190, 1.946790442609279470 ) ) ;
#631 = ORIENTED_EDGE ( 'NONE', *, *, #748, .F. ) ;
#632 = APPLICATION_CONTEXT ( 'configuration controlled 3d designs of mechanical parts and assemblies' ) ;
#633 = EDGE_CURVE ( 'NONE', #528, #902, #85, .T. ) ;
#634 = DIRECTION ( 'NONE',  ( 0.008726535494842086252, 0.000000000000000000, -0.9999619230642021739 ) ) ;
#635 = CARTESIAN_POINT ( 'NONE',  ( -9.493234773499475310, -16.19828984384685100, 7.931726870653261763 ) ) ;
#636 = ORIENTED_EDGE ( 'NONE', *, *, #942, .T. ) ;
#637 = FACE_OUTER_BOUND ( 'NONE', #653, .T. ) ;
#638 = ORIENTED_EDGE ( 'NONE', *, *, #248, .T. ) ;
#639 = VERTEX_POINT ( 'NONE', #1322 ) ;
#640 = CIRCLE ( 'NONE', #1002, 0.7500000000000016653 ) ;
#641 = DIRECTION ( 'NONE',  ( 0.008726535494841008989, 0.000000000000000000, -0.9999619230642020629 ) ) ;
#642 = EDGE_CURVE ( 'NONE', #889, #238, #266, .T. ) ;
#643 = DIRECTION ( 'NONE',  ( 0.9999619230642020629, 0.000000000000000000, 0.008726535494841442669 ) ) ;
#644 = DIRECTION ( 'NONE',  ( 0.9999619230642021739, 0.000000000000000000, 0.008726535494841390628 ) ) ;
#645 = AXIS2_PLACEMENT_3D ( 'NONE', #987, #456, #879 ) ;
#646 = ORIENTED_EDGE ( 'NONE', *, *, #459, .F. ) ;
#647 = DIRECTION ( 'NONE',  ( 0.008726535494841394097, 0.000000000000000000, -0.9999619230642021739 ) ) ;
#648 = ORIENTED_EDGE ( 'NONE', *, *, #218, .T. ) ;
#649 = EDGE_CURVE ( 'NONE', #687, #845, #97, .T. ) ;
#650 = LINE ( 'NONE', #1301, #678 ) ;
#651 = DIRECTION ( 'NONE',  ( 0.008726535494841404506, 0.000000000000000000, -0.9999619230642021739 ) ) ;
#652 = CARTESIAN_POINT ( 'NONE',  ( -7.775846433300651839, 26.80171015615314190, 5.946638134866086389 ) ) ;
#653 = EDGE_LOOP ( 'NONE', ( #1367, #966, #524, #279 ) ) ;
#654 = CYLINDRICAL_SURFACE ( 'NONE', #1012, 0.7500000000000016653 ) ;
#655 = VERTEX_POINT ( 'NONE', #261 ) ;
#656 = VERTEX_POINT ( 'NONE', #912 ) ;
#657 = AXIS2_PLACEMENT_3D ( 'NONE', #1173, #726, #215 ) ;
#658 = CARTESIAN_POINT ( 'NONE',  ( -11.49079750281204504, -19.94828984384685100, 1.914065934503623279 ) ) ;
#659 = CARTESIAN_POINT ( 'NONE',  ( 9.008421920004101580, 26.80171015615314190, 2.092959912147872803 ) ) ;
#660 = CARTESIAN_POINT ( 'NONE',  ( -7.775846433300651839, -16.19828984384685100, 5.946638134866086389 ) ) ;
#661 = EDGE_CURVE ( 'NONE', #639, #577, #423, .T. ) ;
#662 = ORIENTED_EDGE ( 'NONE', *, *, #461, .F. ) ;
#663 = CARTESIAN_POINT ( 'NONE',  ( 22.64592050426066905, 30.55171015615324492, 8.049723143705845629 ) ) ;
#664 = ORIENTED_EDGE ( 'NONE', *, *, #1298, .T. ) ;
#665 = DIRECTION ( 'NONE',  ( -1.072983973003537443E-16, -1.000000000000000000, -9.363789270214187124E-19 ) ) ;
#666 = AXIS2_PLACEMENT_3D ( 'NONE', #177, #936, #916 ) ;
#667 = CARTESIAN_POINT ( 'NONE',  ( 9.706034149333206074, 26.80171015615314190, 8.099276352154216596 ) ) ;
#668 = EDGE_CURVE ( 'NONE', #1072, #945, #273, .T. ) ;
#669 = DIRECTION ( 'NONE',  ( 0.9999619230642020629, -0.000000000000000000, 0.008726535494841406240 ) ) ;
#670 = DIRECTION ( 'NONE',  ( 0.008726535494841404506, 0.000000000000000000, -0.9999619230642021739 ) ) ;
#671 = UNCERTAINTY_MEASURE_WITH_UNIT (LENGTH_MEASURE( 1.000000000000000082E-05 ), #614, 'distance_accuracy_value', 'NONE');
#672 = CARTESIAN_POINT ( 'NONE',  ( 9.723487220322887481, -16.19828984384685100, 6.099352506025811138 ) ) ;
#673 = AXIS2_PLACEMENT_3D ( 'NONE', #351, #36, #995 ) ;
#674 = DIRECTION ( 'NONE',  ( -0.9999619230642020629, 0.000000000000000000, -0.008726535494841442669 ) ) ;
#675 = AXIS2_PLACEMENT_3D ( 'NONE', #220, #408, #1262 ) ;
#676 = EDGE_LOOP ( 'NONE', ( #646, #982 ) ) ;
#677 = DIRECTION ( 'NONE',  ( -0.9999619230642021739, 0.000000000000000000, -0.008726535494841166848 ) ) ;
#678 = VECTOR ( 'NONE', #1108, 1000.000000000000000 ) ;
#679 = CARTESIAN_POINT ( 'NONE',  ( 24.75728362611303623, 7.351710156154711129, 30.94037162965781107 ) ) ;
#680 = AXIS2_PLACEMENT_3D ( 'NONE', #417, #540, #626 ) ;
#681 = CC_DESIGN_DATE_AND_TIME_ASSIGNMENT ( #699, #1257, ( #153 ) ) ;
#682 = CARTESIAN_POINT ( 'NONE',  ( -6.990968849023131426, 26.80171015615314190, 1.953335344230410220 ) ) ;
#683 = VERTEX_POINT ( 'NONE', #188 ) ;
#684 = LINE ( 'NONE', #57, #157 ) ;
#685 = LOCAL_TIME ( 20, 35, 50.00000000000000000, #1339 ) ;
#686 = DIRECTION ( 'NONE',  ( -0.008726535494841008989, 0.000000000000000000, 0.9999619230642020629 ) ) ;
#687 = VERTEX_POINT ( 'NONE', #283 ) ;
#688 = AXIS2_PLACEMENT_3D ( 'NONE', #164, #373, #904 ) ;
#689 = EDGE_CURVE ( 'NONE', #747, #1115, #291, .T. ) ;
#690 = CARTESIAN_POINT ( 'NONE',  ( -8.490911733619437740, 26.80171015615314190, 1.940245540988148276 ) ) ;
#691 = CIRCLE ( 'NONE', #673, 1.699999999999999067 ) ;
#692 = CARTESIAN_POINT ( 'NONE',  ( -6.075911164091507999, -16.19828984384685100, 5.961473245207316474 ) ) ;
#693 = CARTESIAN_POINT ( 'NONE',  ( -9.475781702509792126, -16.19828984384685100, 5.931803024524855417 ) ) ;
#694 = ORIENTED_EDGE ( 'NONE', *, *, #1079, .T. ) ;
#695 = ORIENTED_EDGE ( 'NONE', *, *, #570, .T. ) ;
#696 = EDGE_CURVE ( 'NONE', #504, #605, #1119, .T. ) ;
#697 = DIRECTION ( 'NONE',  ( 0.008726535494841404506, 0.000000000000000000, -0.9999619230642021739 ) ) ;
#698 = CARTESIAN_POINT ( 'NONE',  ( 22.64592050426066905, 30.55171015615324492, 8.049723143705845629 ) ) ;
#699 = DATE_AND_TIME ( #274, #360 ) ;
#700 = DIRECTION ( 'NONE',  ( -0.9999619230642021739, 0.000000000000000000, -0.008726535494841444404 ) ) ;
#701 = CARTESIAN_POINT ( 'NONE',  ( 22.26369229257905857, -19.94828984384675863, 7.060195128380414076 ) ) ;
#702 = ORIENTED_EDGE ( 'NONE', *, *, #808, .T. ) ;
#703 = EDGE_LOOP ( 'NONE', ( #185, #335 ) ) ;
#704 = DIRECTION ( 'NONE',  ( 0.9999619230642021739, 0.000000000000000000, 0.008726535494841166848 ) ) ;
#705 =( NAMED_UNIT ( * ) PLANE_ANGLE_UNIT ( ) SI_UNIT ( $, .RADIAN. ) );
#706 = CIRCLE ( 'NONE', #817, 2.814294480174381885 ) ;
#707 = DIRECTION ( 'NONE',  ( 0.008726535494841404506, 0.000000000000000000, -0.9999619230642021739 ) ) ;
#708 = EDGE_CURVE ( 'NONE', #430, #1343, #1243, .T. ) ;
#709 = DIRECTION ( 'NONE',  ( -0.9999619230642020629, 0.000000000000000000, -0.008726535494841442669 ) ) ;
#710 = EDGE_LOOP ( 'NONE', ( #362, #223 ) ) ;
#711 = ORIENTED_EDGE ( 'NONE', *, *, #387, .F. ) ;
#712 = DATE_TIME_ROLE ( 'creation_date' ) ;
#713 = DIRECTION ( 'NONE',  ( -0.9999619230642021739, 0.000000000000000000, -0.008726535494841166848 ) ) ;
#714 = DIRECTION ( 'NONE',  ( -0.9999619230642020629, 0.000000000000000000, -0.008726535494841442669 ) ) ;
#715 = EDGE_LOOP ( 'NONE', ( #1080, #201 ) ) ;
#716 = AXIS2_PLACEMENT_3D ( 'NONE', #521, #1264, #326 ) ;
#717 = CALENDAR_DATE ( 2026, 24, 8 ) ;
#718 = CARTESIAN_POINT ( 'NONE',  ( -6.990968849023133203, -16.19828984384685100, 1.953335344230410220 ) ) ;
#719 = VECTOR ( 'NONE', #1124, 1000.000000000000114 ) ;
#720 = CARTESIAN_POINT ( 'NONE',  ( -7.740940291321284583, -16.19828984384685100, 1.946790442609279470 ) ) ;
#721 = ORIENTED_EDGE ( 'NONE', *, *, #789, .F. ) ;
#722 = AXIS2_PLACEMENT_3D ( 'NONE', #893, #557, #779 ) ;
#723 = CYLINDRICAL_SURFACE ( 'NONE', #541, 8.099999999999999645 ) ;
#724 = DIRECTION ( 'NONE',  ( 0.008726535494841404506, 0.000000000000000000, -0.9999619230642021739 ) ) ;
#725 = EDGE_LOOP ( 'NONE', ( #329, #343 ) ) ;
#726 = DIRECTION ( 'NONE',  ( 0.008726535494841404506, 0.000000000000000000, -0.9999619230642021739 ) ) ;
#727 = ORIENTED_EDGE ( 'NONE', *, *, #506, .T. ) ;
#728 = VECTOR ( 'NONE', #517, 1000.000000000000114 ) ;
#729 = DIRECTION ( 'NONE',  ( 0.008726535494841404506, 0.000000000000000000, -0.9999619230642020629 ) ) ;
#730 = EDGE_CURVE ( 'NONE', #1049, #1018, #934, .T. ) ;
#731 = FACE_OUTER_BOUND ( 'NONE', #217, .T. ) ;
#732 = ORIENTED_EDGE ( 'NONE', *, *, #1371, .T. ) ;
#733 = DIRECTION ( 'NONE',  ( 0.000000000000000000, 0.6851126357422360202, -0.7284371464624289638 ) ) ;
#734 = ORIENTED_EDGE ( 'NONE', *, *, #550, .T. ) ;
#735 = ADVANCED_FACE ( 'NONE', ( #610, #389 ), #58, .F. ) ;
#736 = CIRCLE ( 'NONE', #269, 1.699999999999999067 ) ;
#737 = CYLINDRICAL_SURFACE ( 'NONE', #186, 2.068141946556154576 ) ;
#738 = CARTESIAN_POINT ( 'NONE',  ( 22.94269714955041906, 29.01579071217050299, 9.685359553007936384 ) ) ;
#739 = ORIENTED_EDGE ( 'NONE', *, *, #780, .F. ) ;
#740 = DIRECTION ( 'NONE',  ( -0.008726535494841404506, 0.000000000000000000, 0.9999619230642021739 ) ) ;
#741 = EDGE_LOOP ( 'NONE', ( #422, #530, #225, #21 ) ) ;
#742 = CIRCLE ( 'NONE', #929, 0.7500000000000016653 ) ;
#743 = CARTESIAN_POINT ( 'NONE',  ( -11.57664238452817429, -19.94828984384674797, 7.751067362589188825 ) ) ;
#744 = DIRECTION ( 'NONE',  ( 0.008726535494841404506, 0.000000000000000000, -0.9999619230642021739 ) ) ;
#745 = ORIENTED_EDGE ( 'NONE', *, *, #696, .F. ) ;
#746 = DIRECTION ( 'NONE',  ( 0.008649985458784209200, 0.1321637200909560328, -0.9911901577615076508 ) ) ;
#747 = VERTEX_POINT ( 'NONE', #692 ) ;
#748 = EDGE_CURVE ( 'NONE', #889, #655, #640, .T. ) ;
#749 = VECTOR ( 'NONE', #1297, 1000.000000000000000 ) ;
#750 = DIRECTION ( 'NONE',  ( 0.008726535494841404506, 0.000000000000000000, -0.9999619230642021739 ) ) ;
#751 = DIRECTION ( 'NONE',  ( 0.9999619230642020629, 0.000000000000000000, 0.008726535494841442669 ) ) ;
#752 = SHAPE_DEFINITION_REPRESENTATION ( #38, #171 ) ;
#753 = DIRECTION ( 'NONE',  ( 0.008726535494841404506, 0.000000000000000000, -0.9999619230642021739 ) ) ;
#754 = AXIS2_PLACEMENT_3D ( 'NONE', #1311, #1295, #44 ) ;
#755 = ORIENTED_EDGE ( 'NONE', *, *, #1227, .T. ) ;
#756 = CARTESIAN_POINT ( 'NONE',  ( -3.996226883575543010, 0.000000000000000000, 1.979470061419727589 ) ) ;
#757 = ORIENTED_EDGE ( 'NONE', *, *, #156, .T. ) ;
#758 = VERTEX_POINT ( 'NONE', #811 ) ;
#759 = CARTESIAN_POINT ( 'NONE',  ( -9.493234773499475310, 26.80171015615314190, 7.931726870653261763 ) ) ;
#760 = DIRECTION ( 'NONE',  ( -1.387725938417908059E-16, -1.000000000000000000, -1.211050078947701599E-18 ) ) ;
#761 = CARTESIAN_POINT ( 'NONE',  ( 8.023551951113747194, 26.80171015615314190, 6.084517395684580165 ) ) ;
#762 = VERTEX_POINT ( 'NONE', #1239 ) ;
#763 = CARTESIAN_POINT ( 'NONE',  ( 8.006098880124062234, -16.19828984384685100, 8.084441241812985623 ) ) ;
#764 = VERTEX_POINT ( 'NONE', #78 ) ;
#765 = ORIENTED_EDGE ( 'NONE', *, *, #150, .F. ) ;
#766 = AXIS2_PLACEMENT_3D ( 'NONE', #491, #1338, #1013 ) ;
#767 = DIRECTION ( 'NONE',  ( 0.9999619230642020629, -0.000000000000000000, 0.008726535494841406240 ) ) ;
#768 = CARTESIAN_POINT ( 'NONE',  ( 19.46492746409335695, -19.94828984384676573, 6.184364767090357873 ) ) ;
#769 = VERTEX_POINT ( 'NONE', #1252 ) ;
#770 = CARTESIAN_POINT ( 'NONE',  ( 8.956062707035052028, -16.19828984384685100, 8.092731450533085180 ) ) ;
#771 = ORIENTED_EDGE ( 'NONE', *, *, #461, .T. ) ;
#772 = LINE ( 'NONE', #138, #1282 ) ;
#773 = CIRCLE ( 'NONE', #657, 0.7500000000000000000 ) ;
#774 = EDGE_CURVE ( 'NONE', #393, #265, #706, .T. ) ;
#775 = CARTESIAN_POINT ( 'NONE',  ( -7.793299504290333246, -16.19828984384685100, 7.946561980994491847 ) ) ;
#776 = CARTESIAN_POINT ( 'NONE',  ( -8.490911733619437740, 26.80171015615314190, 1.940245540988148276 ) ) ;
#777 = VERTEX_POINT ( 'NONE', #508 ) ;
#778 = EDGE_CURVE ( 'NONE', #504, #1044, #1350, .T. ) ;
#779 = DIRECTION ( 'NONE',  ( 0.000000000000000000, -0.1321587755987834178, -0.9912285599357144594 ) ) ;
#780 = EDGE_CURVE ( 'NONE', #991, #170, #404, .T. ) ;
#781 = DIRECTION ( 'NONE',  ( 0.9999619230642022849, 0.000000000000000000, 0.008726535494841407975 ) ) ;
#782 = CARTESIAN_POINT ( 'NONE',  ( 9.008421920004101580, -16.19828984384685100, 2.092959912147872803 ) ) ;
#783 = EDGE_LOOP ( 'NONE', ( #662, #855, #629, #161, #285 ) ) ;
#784 = ADVANCED_FACE ( 'NONE', ( #1015 ), #1137, .F. ) ;
#785 = CARTESIAN_POINT ( 'NONE',  ( -7.125871183308919221, -7.448289843846849223, 5.952310382937734623 ) ) ;
#786 = AXIS2_PLACEMENT_3D ( 'NONE', #986, #363, #24 ) ;
#787 = CARTESIAN_POINT ( 'NONE',  ( -4.048586096544591229, 0.000000000000000000, 7.979241599804939966 ) ) ;
#788 = ORIENTED_EDGE ( 'NONE', *, *, #365, .F. ) ;
#789 = EDGE_CURVE ( 'NONE', #435, #134, #51, .T. ) ;
#790 = AXIS2_PLACEMENT_3D ( 'NONE', #1233, #924, #487 ) ;
#791 = CARTESIAN_POINT ( 'NONE',  ( 9.723487220322889257, 26.80171015615314190, 6.099352506025811138 ) ) ;
#792 = APPROVAL_PERSON_ORGANIZATION ( #88, #334, #290 ) ;
#793 = CARTESIAN_POINT ( 'NONE',  ( 11.40596941854234814, 26.80171015615314190, 8.114111462495447569 ) ) ;
#794 = DIRECTION ( 'NONE',  ( 0.008726535494841404506, 0.000000000000000000, -0.9999619230642020629 ) ) ;
#795 = EDGE_CURVE ( 'NONE', #127, #777, #175, .T. ) ;
#796 = ORIENTED_EDGE ( 'NONE', *, *, #668, .T. ) ;
#797 = VERTEX_POINT ( 'NONE', #793 ) ;
#798 = ADVANCED_FACE ( 'NONE', ( #182, #1222 ), #267, .T. ) ;
#799 = CARTESIAN_POINT ( 'NONE',  ( 9.706034149333206074, 26.80171015615314190, 8.099276352154216596 ) ) ;
#800 = CARTESIAN_POINT ( 'NONE',  ( 22.92957914145791776, -18.67180891321346081, 9.409400430993992259 ) ) ;
#801 = CIRCLE ( 'NONE', #1165, 1.699999999999999734 ) ;
#802 = COORDINATED_UNIVERSAL_TIME_OFFSET ( 5, 0, .BEHIND. ) ;
#803 = DIRECTION ( 'NONE',  ( -0.9999619230642022849, -0.000000000000000000, -0.008726535494841407975 ) ) ;
#804 = DIRECTION ( 'NONE',  ( 0.008726535494841404506, 0.000000000000000000, -0.9999619230642021739 ) ) ;
#805 = ORIENTED_EDGE ( 'NONE', *, *, #103, .T. ) ;
#806 = VERTEX_POINT ( 'NONE', #73 ) ;
#807 = CARTESIAN_POINT ( 'NONE',  ( 9.758393362302253848, -16.19828984384685100, 2.099504813769003775 ) ) ;
#808 = EDGE_CURVE ( 'NONE', #918, #605, #1135, .T. ) ;
#809 = AXIS2_PLACEMENT_3D ( 'NONE', #1010, #1284, #330 ) ;
#810 = COORDINATED_UNIVERSAL_TIME_OFFSET ( 5, 0, .BEHIND. ) ;
#811 = CARTESIAN_POINT ( 'NONE',  ( -7.043328061992181865, -16.19828984384685100, 7.953106882615624151 ) ) ;
#812 = LINE ( 'NONE', #931, #1156 ) ;
#813 = EDGE_LOOP ( 'NONE', ( #745, #1334, #386, #1109 ) ) ;
#814 = ORIENTED_EDGE ( 'NONE', *, *, #1298, .F. ) ;
#815 = EDGE_CURVE ( 'NONE', #1267, #974, #595, .T. ) ;
#816 = PERSON_AND_ORGANIZATION_ROLE ( 'design_owner' ) ;
#817 = AXIS2_PLACEMENT_3D ( 'NONE', #587, #914, #1112 ) ;
#818 = DIRECTION ( 'NONE',  ( -0.008726535494841404506, 0.000000000000000000, 0.9999619230642021739 ) ) ;
#819 = LINE ( 'NONE', #944, #1091 ) ;
#820 = ORIENTED_EDGE ( 'NONE', *, *, #492, .T. ) ;
#821 = VECTOR ( 'NONE', #174, 1000.000000000000114 ) ;
#822 = PERSON_AND_ORGANIZATION_ROLE ( 'creator' ) ;
#823 = DIRECTION ( 'NONE',  ( -0.008726535494841008989, 0.000000000000000000, 0.9999619230642020629 ) ) ;
#824 = CARTESIAN_POINT ( 'NONE',  ( -8.490911733619435964, -16.19828984384685100, 1.940245540988148276 ) ) ;
#825 = VERTEX_POINT ( 'NONE', #1312 ) ;
#826 = CARTESIAN_POINT ( 'NONE',  ( -6.093364235081190294, -16.19828984384685100, 7.961397091335721932 ) ) ;
#827 = APPROVAL_DATE_TIME ( #493, #1162 ) ;
#828 = DIRECTION ( 'NONE',  ( -0.9999619230642021739, 0.000000000000000000, -0.008726535494841406240 ) ) ;
#829 = AXIS2_PLACEMENT_3D ( 'NONE', #1329, #920, #56 ) ;
#830 = ORIENTED_EDGE ( 'NONE', *, *, #1092, .T. ) ;
#831 = CYLINDRICAL_SURFACE ( 'NONE', #54, 2.814294480174381885 ) ;
#832 = ORIENTED_EDGE ( 'NONE', *, *, #1051, .F. ) ;
#833 = EDGE_CURVE ( 'NONE', #1064, #441, #1306, .T. ) ;
#834 = DIRECTION ( 'NONE',  ( 0.008726535494841008989, 0.000000000000000000, -0.9999619230642020629 ) ) ;
#835 = ADVANCED_FACE ( 'NONE', ( #996 ), #27, .F. ) ;
#836 = CARTESIAN_POINT ( 'NONE',  ( 22.57816121924786401, -19.94828984384676218, 2.211381232919499507 ) ) ;
#837 = ORIENTED_EDGE ( 'NONE', *, *, #112, .F. ) ;
#838 = CARTESIAN_POINT ( 'NONE',  ( -11.67334148349148393, 20.12932789338501038, 18.83168658600120438 ) ) ;
#839 = ORIENTED_EDGE ( 'NONE', *, *, #619, .F. ) ;
#840 = CIRCLE ( 'NONE', #1205, 8.099999999999999645 ) ;
#841 = CARTESIAN_POINT ( 'NONE',  ( 27.98378665309099134, -22.86158222707987875, 4.998785559998995431 ) ) ;
#842 = DIRECTION ( 'NONE',  ( 0.008726535494841404506, 0.000000000000000000, -0.9999619230642021739 ) ) ;
#843 = EDGE_LOOP ( 'NONE', ( #337, #820, #732, #1038 ) ) ;
#844 = DIRECTION ( 'NONE',  ( 0.9999619230642021739, 0.000000000000000000, 0.008726535494841439200 ) ) ;
#845 = VERTEX_POINT ( 'NONE', #663 ) ;
#846 = VERTEX_POINT ( 'NONE', #770 ) ;
#847 = VECTOR ( 'NONE', #1268, 1000.000000000000000 ) ;
#848 = DIRECTION ( 'NONE',  ( 0.9999619230642021739, -0.000000000000000000, 0.008726535494841406240 ) ) ;
#849 = DATE_AND_TIME ( #65, #309 ) ;
#850 = EDGE_CURVE ( 'NONE', #577, #299, #562, .T. ) ;
#851 = EDGE_CURVE ( 'NONE', #393, #196, #252, .T. ) ;
#852 = CARTESIAN_POINT ( 'NONE',  ( 27.75833298328082677, 5.301710156156155485, 30.83321726070393964 ) ) ;
#853 = ORIENTED_EDGE ( 'NONE', *, *, #708, .T. ) ;
#854 = DIRECTION ( 'NONE',  ( -0.008726535494841404506, 0.000000000000000000, 0.9999619230642020629 ) ) ;
#855 = ORIENTED_EDGE ( 'NONE', *, *, #1276, .T. ) ;
#856 = AXIS2_PLACEMENT_3D ( 'NONE', #1318, #1152, #714 ) ;
#857 = FACE_OUTER_BOUND ( 'NONE', #590, .T. ) ;
#858 = FACE_OUTER_BOUND ( 'NONE', #1187, .T. ) ;
#859 = CARTESIAN_POINT ( 'NONE',  ( 9.706034149333206074, 26.80171015615314190, 8.099276352154216596 ) ) ;
#860 = EDGE_LOOP ( 'NONE', ( #1182, #1121 ) ) ;
#861 = FACE_BOUND ( 'NONE', #1261, .T. ) ;
#862 = ORIENTED_EDGE ( 'NONE', *, *, #1116, .T. ) ;
#863 = ORIENTED_EDGE ( 'NONE', *, *, #390, .F. ) ;
#864 = VECTOR ( 'NONE', #187, 1000.000000000000114 ) ;
#865 = DIRECTION ( 'NONE',  ( -0.9999619230642021739, 0.000000000000000000, -0.008726535494841444404 ) ) ;
#866 = LINE ( 'NONE', #1293, #505 ) ;
#867 = APPROVAL_DATE_TIME ( #849, #148 ) ;
#868 = PERSON ( 'UNSPECIFIED', 'UNSPECIFIED', 'UNSPECIFIED', ('UNSPECIFIED'), ('UNSPECIFIED'), ('UNSPECIFIED') ) ;
#869 = CARTESIAN_POINT ( 'NONE',  ( 10.50836480460040434, -16.19828984384685100, 2.106049715390134747 ) ) ;
#870 = EDGE_CURVE ( 'NONE', #448, #481, #354, .T. ) ;
#871 = AXIS2_PLACEMENT_3D ( 'NONE', #791, #48, #1014 ) ;
#872 = ORIENTED_EDGE ( 'NONE', *, *, #1039, .T. ) ;
#873 = DIRECTION ( 'NONE',  ( -0.008726535494841404506, 0.000000000000000000, 0.9999619230642021739 ) ) ;
#874 = ORIENTED_EDGE ( 'NONE', *, *, #1116, .F. ) ;
#875 = FACE_OUTER_BOUND ( 'NONE', #313, .T. ) ;
#876 = VECTOR ( 'NONE', #31, 999.9999999999998863 ) ;
#877 = CARTESIAN_POINT ( 'NONE',  ( -7.793299504290333246, 26.80171015615314190, 7.946561980994491847 ) ) ;
#878 = LINE ( 'NONE', #242, #258 ) ;
#879 = DIRECTION ( 'NONE',  ( 0.9999619230642020629, 2.775557561562890562E-15, 0.008726535494841404506 ) ) ;
#880 = VERTEX_POINT ( 'NONE', #763 ) ;
#881 = CARTESIAN_POINT ( 'NONE',  ( 27.95675706030008811, -19.94828984384674797, 8.096070112723792178 ) ) ;
#882 = ORIENTED_EDGE ( 'NONE', *, *, #489, .F. ) ;
#883 = VECTOR ( 'NONE', #370, 1000.000000000000114 ) ;
#884 = ADVANCED_FACE ( 'NONE', ( #1196, #135 ), #1089, .F. ) ;
#885 = CARTESIAN_POINT ( 'NONE',  ( 22.71118663607832033, 30.55171015615314900, 36.21383679325854388 ) ) ;
#886 = DIRECTION ( 'NONE',  ( 0.008726535494842086252, 0.000000000000000000, -0.9999619230642021739 ) ) ;
#887 = ADVANCED_FACE ( 'NONE', ( #1203 ), #1096, .F. ) ;
#888 = DIRECTION ( 'NONE',  ( -0.9999619230642020629, 0.000000000000000000, -0.008726535494841404506 ) ) ;
#889 = VERTEX_POINT ( 'NONE', #776 ) ;
#890 = CC_DESIGN_PERSON_AND_ORGANIZATION_ASSIGNMENT ( #1346, #922, ( #395 ) ) ;
#891 = VECTOR ( 'NONE', #239, 1000.000000000000114 ) ;
#892 = AXIS2_PLACEMENT_3D ( 'NONE', #181, #1155, #507 ) ;
#893 = CARTESIAN_POINT ( 'NONE',  ( 24.75728362611303623, 3.251710156157566978, 30.94037162965781107 ) ) ;
#894 = CARTESIAN_POINT ( 'NONE',  ( -7.090965041329553742, -7.448289843846849223, 1.952462690680925483 ) ) ;
#895 = VECTOR ( 'NONE', #1111, 1000.000000000000114 ) ;
#896 = CARTESIAN_POINT ( 'NONE',  ( 9.706034149333206074, 26.80171015615314190, 8.099276352154216596 ) ) ;
#897 = B_SPLINE_SURFACE_WITH_KNOTS ( 'NONE', 3, 1, ( 
 ( #556, #46 ),
 ( #263, #548 ),
 ( #1292, #438 ),
 ( #475, #130 ) ),
 .UNSPECIFIED., .F., .F., .F.,
 ( 4, 4 ),
 ( 2, 2 ),
 ( 0.000000000000000000, 1.000000000000000000 ),
 ( 0.000000000000000000, 1.000000000000000000 ),
 .UNSPECIFIED. ) ;
#898 = CYLINDRICAL_SURFACE ( 'NONE', #403, 8.099999999999999645 ) ;
#899 = CIRCLE ( 'NONE', #1075, 8.099999999999999645 ) ;
#900 = EDGE_CURVE ( 'NONE', #537, #33, #114, .T. ) ;
#901 = DIRECTION ( 'NONE',  ( 0.9999619230642021739, 0.000000000000000000, 0.008726535494841146032 ) ) ;
#902 = VERTEX_POINT ( 'NONE', #1076 ) ;
#903 = VECTOR ( 'NONE', #746, 999.9999999999998863 ) ;
#904 = DIRECTION ( 'NONE',  ( -0.9999619230642021739, 0.000000000000000000, -0.008726535494841146032 ) ) ;
#905 = ADVANCED_FACE ( 'NONE', ( #219 ), #897, .T. ) ;
#906 = CIRCLE ( 'NONE', #192, 1.699999999999999067 ) ;
#907 = CARTESIAN_POINT ( 'NONE',  ( -6.093364235081190294, 26.80171015615314190, 7.961397091335721932 ) ) ;
#908 = CARTESIAN_POINT ( 'NONE',  ( 24.89289398770286965, 5.301710156154261000, 15.40096334524044153 ) ) ;
#909 = VERTEX_POINT ( 'NONE', #479 ) ;
#910 = ORIENTED_EDGE ( 'NONE', *, *, #162, .T. ) ;
#911 = DIRECTION ( 'NONE',  ( -8.673287115111933937E-16, -1.000000000000000000, -7.569062993423140675E-18 ) ) ;
#912 = CARTESIAN_POINT ( 'NONE',  ( 8.023551951113745417, -16.19828984384685100, 6.084517395684580165 ) ) ;
#913 = SECURITY_CLASSIFICATION_LEVEL ( 'unclassified' ) ;
#914 = DIRECTION ( 'NONE',  ( -0.9999619230642021739, -1.373986077641493379E-16, -0.008726535494841404506 ) ) ;
#915 = CC_DESIGN_DATE_AND_TIME_ASSIGNMENT ( #396, #712, ( #395 ) ) ;
#916 = DIRECTION ( 'NONE',  ( -0.9999619230642021739, 0.000000000000000000, -0.008726535494841166848 ) ) ;
#917 = ORIENTED_EDGE ( 'NONE', *, *, #870, .F. ) ;
#918 = VERTEX_POINT ( 'NONE', #52 ) ;
#919 = ADVANCED_FACE ( 'NONE', ( #14, #1219 ), #376, .F. ) ;
#920 = DIRECTION ( 'NONE',  ( 0.008726535494841404506, 0.000000000000000000, -0.9999619230642021739 ) ) ;
#921 = AXIS2_PLACEMENT_3D ( 'NONE', #859, #724, #98 ) ;
#922 = PERSON_AND_ORGANIZATION_ROLE ( 'creator' ) ;
#923 = DIRECTION ( 'NONE',  ( 0.9999619230642021739, -0.000000000000000000, 0.008726535494841407975 ) ) ;
#924 = DIRECTION ( 'NONE',  ( 0.008726535494841404506, 0.000000000000000000, -0.9999619230642021739 ) ) ;
#925 = ORIENTED_EDGE ( 'NONE', *, *, #633, .T. ) ;
#926 = ORIENTED_EDGE ( 'NONE', *, *, #649, .T. ) ;
#927 = ADVANCED_FACE ( 'NONE', ( #154 ), #1005, .F. ) ;
#928 = CARTESIAN_POINT ( 'NONE',  ( -9.493234773499475310, -16.19828984384685100, 7.931726870653261763 ) ) ;
#929 = AXIS2_PLACEMENT_3D ( 'NONE', #877, #750, #1183 ) ;
#930 = DIRECTION ( 'NONE',  ( 0.008726535494841404506, 0.000000000000000000, -0.9999619230642021739 ) ) ;
#931 = CARTESIAN_POINT ( 'NONE',  ( 11.40596941854234814, 26.80171015615314190, 8.114111462495447569 ) ) ;
#932 = VERTEX_POINT ( 'NONE', #759 ) ;
#933 = MECHANICAL_CONTEXT ( 'NONE', #586, 'mechanical' ) ;
#934 = CIRCLE ( 'NONE', #39, 0.7500000000000000000 ) ;
#935 = CARTESIAN_POINT ( 'NONE',  ( 1.008726535490483744, -7.448289843846850111, 2.023147628189140956 ) ) ;
#936 = DIRECTION ( 'NONE',  ( 0.008726535494841404506, 0.000000000000000000, -0.9999619230642021739 ) ) ;
#937 = EDGE_LOOP ( 'NONE', ( #1225, #853, #1283, #93 ) ) ;
#938 = CIRCLE ( 'NONE', #1113, 4.085841406613286431 ) ;
#939 = B_SPLINE_CURVE_WITH_KNOTS ( 'NONE', 3,
 ( #1270, #319, #1258, #971, #1158, #738 ),
 .UNSPECIFIED., .F., .F.,
 ( 4, 2, 4 ),
 ( 1.093265845249969377E-13, 0.001131639450091997999, 0.002263278900074669388 ),
 .UNSPECIFIED. ) ;
#940 = PERSON_AND_ORGANIZATION ( #868, #1157 ) ;
#941 = LINE ( 'NONE', #527, #625 ) ;
#942 = EDGE_CURVE ( 'NONE', #605, #918, #391, .T. ) ;
#943 = ORIENTED_EDGE ( 'NONE', *, *, #512, .T. ) ;
#944 = CARTESIAN_POINT ( 'NONE',  ( 9.008421920004101580, -16.19828984384685100, 2.092959912147872803 ) ) ;
#945 = VERTEX_POINT ( 'NONE', #444 ) ;
#946 = DIRECTION ( 'NONE',  ( -0.008726535494841404506, 0.000000000000000000, 0.9999619230642021739 ) ) ;
#947 = DIRECTION ( 'NONE',  ( -0.9999619230642020629, 3.083952846180990774E-16, -0.008726535494841402771 ) ) ;
#948 = EDGE_CURVE ( 'NONE', #825, #683, #276, .T. ) ;
#949 = VECTOR ( 'NONE', #172, 1000.000000000000114 ) ;
#950 = ORIENTED_EDGE ( 'NONE', *, *, #512, .F. ) ;
#951 = CARTESIAN_POINT ( 'NONE',  ( -8.543270946588485515, -16.19828984384685100, 7.940017079373362208 ) ) ;
#952 = AXIS2_PLACEMENT_3D ( 'NONE', #247, #670, #1098 ) ;
#953 = ORIENTED_EDGE ( 'NONE', *, *, #1097, .F. ) ;
#954 = EDGE_CURVE ( 'NONE', #655, #368, #539, .T. ) ;
#955 = DIRECTION ( 'NONE',  ( 0.008726535494841404506, 0.000000000000000000, -0.9999619230642020629 ) ) ;
#956 = DIRECTION ( 'NONE',  ( -0.008726535494841404506, 0.000000000000000000, 0.9999619230642021739 ) ) ;
#957 = ORIENTED_EDGE ( 'NONE', *, *, #1059, .F. ) ;
#958 = FACE_BOUND ( 'NONE', #516, .T. ) ;
#959 = ORIENTED_EDGE ( 'NONE', *, *, #1368, .T. ) ;
#960 = ORIENTED_EDGE ( 'NONE', *, *, #1028, .T. ) ;
#961 = EDGE_CURVE ( 'NONE', #758, #1259, #323, .T. ) ;
#962 = DIRECTION ( 'NONE',  ( 0.9999619230642020629, 0.000000000000000000, 0.008726535494841442669 ) ) ;
#963 = DIRECTION ( 'NONE',  ( -0.9999619230642020629, 0.000000000000000000, -0.008726535494841442669 ) ) ;
#964 = EDGE_LOOP ( 'NONE', ( #1090, #600, #1026, #925 ) ) ;
#965 = DIRECTION ( 'NONE',  ( -0.008726535494841406240, 0.000000000000000000, 0.9999619230642021739 ) ) ;
#966 = ORIENTED_EDGE ( 'NONE', *, *, #990, .T. ) ;
#967 = VERTEX_POINT ( 'NONE', #160 ) ;
#968 = AXIS2_PLACEMENT_3D ( 'NONE', #1069, #848, #834 ) ;
#969 = CARTESIAN_POINT ( 'NONE',  ( -7.793299504290333246, -16.19828984384685100, 7.946561980994491847 ) ) ;
#970 = FACE_BOUND ( 'NONE', #535, .T. ) ;
#971 = CARTESIAN_POINT ( 'NONE',  ( 22.90568801042737590, 29.53364453337996665, 9.134435203360165900 ) ) ;
#972 = ORIENTED_EDGE ( 'NONE', *, *, #900, .F. ) ;
#973 = FACE_BOUND ( 'NONE', #102, .T. ) ;
#974 = VERTEX_POINT ( 'NONE', #1213 ) ;
#975 = CIRCLE ( 'NONE', #680, 0.7500000000000016653 ) ;
#976 = DIRECTION ( 'NONE',  ( 0.9999619230642021739, -0.000000000000000000, 0.008726535494841406240 ) ) ;
#977 = CARTESIAN_POINT ( 'NONE',  ( 11.40596941854234636, -16.19828984384685100, 8.114111462495447569 ) ) ;
#978 = CC_DESIGN_PERSON_AND_ORGANIZATION_ASSIGNMENT ( #1331, #381, ( #153 ) ) ;
#979 = DIRECTION ( 'NONE',  ( -0.008726535494841404506, 0.000000000000000000, 0.9999619230642021739 ) ) ;
#980 = ORIENTED_EDGE ( 'NONE', *, *, #405, .F. ) ;
#981 = DIRECTION ( 'NONE',  ( 0.9999619230642020629, 0.000000000000000000, 0.008726535494841404506 ) ) ;
#982 = ORIENTED_EDGE ( 'NONE', *, *, #1326, .F. ) ;
#983 = LINE ( 'NONE', #22, #1307 ) ;
#984 = AXIS2_PLACEMENT_3D ( 'NONE', #597, #268, #74 ) ;
#985 = DIRECTION ( 'NONE',  ( -0.008726535494841404506, 0.000000000000000000, 0.9999619230642020629 ) ) ;
#986 = CARTESIAN_POINT ( 'NONE',  ( 9.758393362302255625, 26.80171015615314190, 2.099504813769003775 ) ) ;
#987 = CARTESIAN_POINT ( 'NONE',  ( -8.990892695151529779, 30.55171015615315611, 1.935882273240725038 ) ) ;
#988 = ORIENTED_EDGE ( 'NONE', *, *, #689, .T. ) ;
#989 = CARTESIAN_POINT ( 'NONE',  ( -4.048586096544591229, 0.000000000000000000, 7.979241599804939966 ) ) ;
#990 = EDGE_CURVE ( 'NONE', #687, #945, #1192, .T. ) ;
#991 = VERTEX_POINT ( 'NONE', #658 ) ;
#992 = AXIS2_PLACEMENT_3D ( 'NONE', #237, #753, #229 ) ;
#993 = LINE ( 'NONE', #30, #1151 ) ;
#994 = ADVANCED_FACE ( 'NONE', ( #580 ), #1324, .F. ) ;
#995 = DIRECTION ( 'NONE',  ( -0.9999619230642020629, 0.000000000000000000, -0.008726535494841442669 ) ) ;
#996 = FACE_OUTER_BOUND ( 'NONE', #1275, .T. ) ;
#997 = ORIENTED_EDGE ( 'NONE', *, *, #1178, .T. ) ;
#998 = AXIS2_PLACEMENT_3D ( 'NONE', #576, #227, #686 ) ;
#999 = DIRECTION ( 'NONE',  ( 0.008726535494841404506, 0.000000000000000000, -0.9999619230642020629 ) ) ;
#1000 = CYLINDRICAL_SURFACE ( 'NONE', #472, 1.699999999999999067 ) ;
#1001 = FACE_OUTER_BOUND ( 'NONE', #1241, .T. ) ;
#1002 = AXIS2_PLACEMENT_3D ( 'NONE', #1036, #930, #1144 ) ;
#1003 = ADVANCED_FACE ( 'NONE', ( #857 ), #257, .T. ) ;
#1004 = CARTESIAN_POINT ( 'NONE',  ( 27.75955464834089881, 5.301710156156168807, 30.69322831050510558 ) ) ;
#1005 = CYLINDRICAL_SURFACE ( 'NONE', #463, 4.085841406613286431 ) ;
#1006 = ORIENTED_EDGE ( 'NONE', *, *, #112, .T. ) ;
#1007 = EDGE_CURVE ( 'NONE', #238, #368, #742, .T. ) ;
#1008 = CARTESIAN_POINT ( 'NONE',  ( 22.81525245180412043, -19.44300372802729981, 8.588439807397543646 ) ) ;
#1009 = DIRECTION ( 'NONE',  ( -0.008726535494841404506, 0.000000000000000000, 0.9999619230642021739 ) ) ;
#1010 = CARTESIAN_POINT ( 'NONE',  ( -11.62716265504992741, -14.50313495573242406, 13.54011696818820809 ) ) ;
#1011 = EDGE_LOOP ( 'NONE', ( #757, #307, #179, #972 ) ) ;
#1012 = AXIS2_PLACEMENT_3D ( 'NONE', #630, #740, #413 ) ;
#1013 = DIRECTION ( 'NONE',  ( -0.9999619230642020629, 0.000000000000000000, -0.008726535494841442669 ) ) ;
#1014 = DIRECTION ( 'NONE',  ( 0.9999619230642020629, 0.000000000000000000, 0.008726535494841442669 ) ) ;
#1015 = FACE_OUTER_BOUND ( 'NONE', #1220, .T. ) ;
#1016 = LINE ( 'NONE', #1130, #486 ) ;
#1017 = ORIENTED_EDGE ( 'NONE', *, *, #421, .F. ) ;
#1018 = VERTEX_POINT ( 'NONE', #782 ) ;
#1019 = LINE ( 'NONE', #64, #1256 ) ;
#1020 = VECTOR ( 'NONE', #59, 1000.000000000000114 ) ;
#1021 = PERSON_AND_ORGANIZATION ( #868, #1157 ) ;
#1022 = DIRECTION ( 'NONE',  ( 0.008726535494841404506, 0.000000000000000000, -0.9999619230642021739 ) ) ;
#1023 = DIRECTION ( 'NONE',  ( 0.008726535494841404506, 0.000000000000000000, -0.9999619230642021739 ) ) ;
#1024 = ORIENTED_EDGE ( 'NONE', *, *, #1147, .T. ) ;
#1025 = EDGE_CURVE ( 'NONE', #481, #687, #650, .T. ) ;
#1026 = ORIENTED_EDGE ( 'NONE', *, *, #405, .T. ) ;
#1027 = CARTESIAN_POINT ( 'NONE',  ( -11.79189251059223054, 7.351710156154741327, 32.41628875841855972 ) ) ;
#1028 = EDGE_CURVE ( 'NONE', #216, #394, #76, .T. ) ;
#1029 = VECTOR ( 'NONE', #947, 1000.000000000000227 ) ;
#1030 = CIRCLE ( 'NONE', #433, 0.7500000000000000000 ) ;
#1031 = CARTESIAN_POINT ( 'NONE',  ( 28.00769845822394188, -19.94828984384685455, 2.258764086549863492 ) ) ;
#1032 = FACE_OUTER_BOUND ( 'NONE', #1319, .T. ) ;
#1033 = EDGE_CURVE ( 'NONE', #1018, #1049, #256, .T. ) ;
#1034 = ORIENTED_EDGE ( 'NONE', *, *, #243, .F. ) ;
#1035 = APPROVAL_ROLE ( '' ) ;
#1036 = CARTESIAN_POINT ( 'NONE',  ( -7.740940291321284583, 26.80171015615314190, 1.946790442609279470 ) ) ;
#1037 = CARTESIAN_POINT ( 'NONE',  ( 22.82654633980128978, 16.49687220813381927, 22.99492405897478520 ) ) ;
#1038 = ORIENTED_EDGE ( 'NONE', *, *, #150, .T. ) ;
#1039 = EDGE_CURVE ( 'NONE', #1299, #683, #1016, .T. ) ;
#1040 = PERSON_AND_ORGANIZATION ( #868, #1157 ) ;
#1041 = AXIS2_PLACEMENT_3D ( 'NONE', #807, #280, #704 ) ;
#1042 = CARTESIAN_POINT ( 'NONE',  ( 22.74169731891487345, 3.251710156157563869, 32.71765883107894268 ) ) ;
#1043 = CARTESIAN_POINT ( 'NONE',  ( 9.706034149333204297, -16.19828984384685100, 8.099276352154216596 ) ) ;
#1044 = VERTEX_POINT ( 'NONE', #611 ) ;
#1045 = EDGE_CURVE ( 'NONE', #265, #299, #1341, .T. ) ;
#1046 = DIRECTION ( 'NONE',  ( -0.008726535494841404506, 0.000000000000000000, 0.9999619230642021739 ) ) ;
#1047 = CARTESIAN_POINT ( 'NONE',  ( 1.008726535490483744, 18.05171015615314545, 2.023147628189140956 ) ) ;
#1048 = AXIS2_PLACEMENT_3D ( 'NONE', #652, #1315, #1107 ) ;
#1049 = VERTEX_POINT ( 'NONE', #195 ) ;
#1050 = CARTESIAN_POINT ( 'NONE',  ( -11.77506646154729353, 5.301710156156155485, 30.48821451056933540 ) ) ;
#1051 = EDGE_CURVE ( 'NONE', #419, #1259, #1360, .T. ) ;
#1052 = ORIENTED_EDGE ( 'NONE', *, *, #815, .F. ) ;
#1053 = LINE ( 'NONE', #526, #474 ) ;
#1054 = AXIS2_PLACEMENT_3D ( 'NONE', #787, #340, #1175 ) ;
#1055 = LINE ( 'NONE', #1071, #316 ) ;
#1056 = ORIENTED_EDGE ( 'NONE', *, *, #696, .T. ) ;
#1057 = FACE_BOUND ( 'NONE', #399, .T. ) ;
#1058 = ORIENTED_EDGE ( 'NONE', *, *, #730, .T. ) ;
#1059 = EDGE_CURVE ( 'NONE', #846, #564, #133, .T. ) ;
#1060 = CARTESIAN_POINT ( 'NONE',  ( 22.94269714955041906, 29.01579071217050299, 9.685359553007936384 ) ) ;
#1061 = CARTESIAN_POINT ( 'NONE',  ( 27.95675706029992824, 30.55171015615314900, 8.096070112723788625 ) ) ;
#1062 = EDGE_LOOP ( 'NONE', ( #617, #55, #443, #581 ) ) ;
#1063 = FACE_BOUND ( 'NONE', #1082, .T. ) ;
#1064 = VERTEX_POINT ( 'NONE', #183 ) ;
#1065 = VECTOR ( 'NONE', #458, 1000.000000000000000 ) ;
#1066 = EDGE_LOOP ( 'NONE', ( #695, #414, #622, #917, #232, #1146 ) ) ;
#1067 = ADVANCED_FACE ( 'NONE', ( #79 ), #1240, .T. ) ;
#1068 = CARTESIAN_POINT ( 'NONE',  ( 0.9738203935111182652, -7.448289843846850111, 6.022995320445948764 ) ) ;
#1069 = CARTESIAN_POINT ( 'NONE',  ( 24.89289398770286965, 5.301710156154261000, 15.40096334524044153 ) ) ;
#1070 = AXIS2_PLACEMENT_3D ( 'NONE', #297, #818, #1340 ) ;
#1071 = CARTESIAN_POINT ( 'NONE',  ( 8.006098880124064010, 26.80171015615314190, 8.084441241812985623 ) ) ;
#1072 = VERTEX_POINT ( 'NONE', #1333 ) ;
#1073 = FACE_BOUND ( 'NONE', #75, .T. ) ;
#1074 = ORIENTED_EDGE ( 'NONE', *, *, #833, .T. ) ;
#1075 = AXIS2_PLACEMENT_3D ( 'NONE', #1150, #744, #312 ) ;
#1076 = CARTESIAN_POINT ( 'NONE',  ( 11.42342248953203132, 26.80171015615314190, 6.114187616367041223 ) ) ;
#1077 = FACE_OUTER_BOUND ( 'NONE', #1308, .T. ) ;
#1078 = CARTESIAN_POINT ( 'NONE',  ( -11.49079750281204326, -17.94828984384685100, 1.914065934503623279 ) ) ;
#1079 = EDGE_CURVE ( 'NONE', #1259, #758, #558, .T. ) ;
#1080 = ORIENTED_EDGE ( 'NONE', *, *, #1302, .F. ) ;
#1081 = FACE_BOUND ( 'NONE', #703, .T. ) ;
#1082 = EDGE_LOOP ( 'NONE', ( #950, #68 ) ) ;
#1083 = EDGE_LOOP ( 'NONE', ( #286, #1242, #1361, #1052 ) ) ;
#1084 = DIRECTION ( 'NONE',  ( -0.008726535494841404506, 0.000000000000000000, 0.9999619230642021739 ) ) ;
#1085 = DIRECTION ( 'NONE',  ( -0.008726535494841404506, 0.000000000000000000, 0.9999619230642021739 ) ) ;
#1086 = EDGE_CURVE ( 'NONE', #1018, #846, #819, .T. ) ;
#1087 = DIRECTION ( 'NONE',  ( -0.008726535494841404506, 0.000000000000000000, 0.9999619230642020629 ) ) ;
#1088 = EDGE_LOOP ( 'NONE', ( #1354, #1034 ) ) ;
#1089 = PLANE ( 'NONE',  #1278 ) ;
#1090 = ORIENTED_EDGE ( 'NONE', *, *, #1092, .F. ) ;
#1091 = VECTOR ( 'NONE', #398, 1000.000000000000114 ) ;
#1092 = EDGE_CURVE ( 'NONE', #797, #902, #812, .T. ) ;
#1093 = CC_DESIGN_APPROVAL ( #1162, ( #618 ) ) ;
#1094 = DIRECTION ( 'NONE',  ( 0.008726535494841404506, 0.000000000000000000, -0.9999619230642020629 ) ) ;
#1095 = CARTESIAN_POINT ( 'NONE',  ( 27.69204994568799094, -19.94828984384674797, 2.587308764150538121 ) ) ;
#1096 = CYLINDRICAL_SURFACE ( 'NONE', #211, 0.7500000000000016653 ) ;
#1097 = EDGE_CURVE ( 'NONE', #1254, #441, #9, .T. ) ;
#1098 = DIRECTION ( 'NONE',  ( -0.9999619230642020629, 0.000000000000000000, -0.008726535494841442669 ) ) ;
#1099 = CIRCLE ( 'NONE', #141, 2.814294480174381885 ) ;
#1100 = VECTOR ( 'NONE', #331, 1000.000000000000114 ) ;
#1101 = LINE ( 'NONE', #977, #613 ) ;
#1102 = LINE ( 'NONE', #146, #821 ) ;
#1103 = ORIENTED_EDGE ( 'NONE', *, *, #1276, .F. ) ;
#1104 = ADVANCED_FACE ( 'NONE', ( #1032 ), #616, .F. ) ;
#1105 = AXIS2_PLACEMENT_3D ( 'NONE', #5, #1084, #901 ) ;
#1106 = VECTOR ( 'NONE', #1309, 1000.000000000000114 ) ;
#1107 = DIRECTION ( 'NONE',  ( 0.9999619230642021739, 0.000000000000000000, 0.008726535494841439200 ) ) ;
#1108 = DIRECTION ( 'NONE',  ( -2.775451876835816020E-15, 1.000000000000000000, -2.422100157895402427E-17 ) ) ;
#1109 = ORIENTED_EDGE ( 'NONE', *, *, #942, .F. ) ;
#1110 = AXIS2_PLACEMENT_3D ( 'NONE', #1031, #923, #166 ) ;
#1111 = DIRECTION ( 'NONE',  ( -0.008726535494841404506, 0.000000000000000000, 0.9999619230642020629 ) ) ;
#1112 = DIRECTION ( 'NONE',  ( 0.008726535494842009924, 9.245959270772466995E-16, -0.9999619230642021739 ) ) ;
#1113 = AXIS2_PLACEMENT_3D ( 'NONE', #1217, #1118, #583 ) ;
#1114 = DIRECTION ( 'NONE',  ( -0.9999619230642021739, 0.000000000000000000, -0.008726535494841166848 ) ) ;
#1115 = VERTEX_POINT ( 'NONE', #693 ) ;
#1116 = EDGE_CURVE ( 'NONE', #1044, #504, #840, .T. ) ;
#1117 = LINE ( 'NONE', #1230, #864 ) ;
#1118 = DIRECTION ( 'NONE',  ( -0.9999619230642022849, -0.000000000000000000, -0.008726535494841407975 ) ) ;
#1119 = LINE ( 'NONE', #66, #1250 ) ;
#1120 = CARTESIAN_POINT ( 'NONE',  ( 24.75966887914828973, 5.301710156156168807, 30.66704870402058347 ) ) ;
#1121 = ORIENTED_EDGE ( 'NONE', *, *, #248, .F. ) ;
#1122 = ORIENTED_EDGE ( 'NONE', *, *, #850, .F. ) ;
#1123 = VECTOR ( 'NONE', #911, 1000.000000000000000 ) ;
#1124 = DIRECTION ( 'NONE',  ( 0.9999619230642020629, -0.000000000000000000, 0.008726535494841406240 ) ) ;
#1125 = VECTOR ( 'NONE', #574, 1000.000000000000114 ) ;
#1126 = CARTESIAN_POINT ( 'NONE',  ( 0.9738203935111182652, 18.05171015615314545, 6.022995320445948764 ) ) ;
#1127 = APPROVAL_STATUS ( 'not_yet_approved' ) ;
#1128 = ADVANCED_FACE ( 'NONE', ( #503 ), #1253, .T. ) ;
#1129 = CARTESIAN_POINT ( 'NONE',  ( -4.048586096544591229, 0.000000000000000000, 7.979241599804939966 ) ) ;
#1130 = CARTESIAN_POINT ( 'NONE',  ( 27.75716939530564531, 3.251710156157566978, 30.96655123614233318 ) ) ;
#1131 = ORIENTED_EDGE ( 'NONE', *, *, #1045, .F. ) ;
#1132 = EDGE_LOOP ( 'NONE', ( #561, #1291, #727, #168 ) ) ;
#1133 = EDGE_CURVE ( 'NONE', #481, #639, #49, .T. ) ;
#1134 = DIRECTION ( 'NONE',  ( -2.775451876835816020E-15, 1.000000000000000000, -2.422100157895402736E-17 ) ) ;
#1135 = CIRCLE ( 'NONE', #511, 8.099999999999999645 ) ;
#1136 = ADVANCED_FACE ( 'NONE', ( #1145 ), #189, .F. ) ;
#1137 = CYLINDRICAL_SURFACE ( 'NONE', #531, 8.099999999999999645 ) ;
#1138 = DIRECTION ( 'NONE',  ( -0.9999619230642021739, 0.000000000000000000, -0.008726535494841390628 ) ) ;
#1139 = ORIENTED_EDGE ( 'NONE', *, *, #708, .F. ) ;
#1140 = EDGE_LOOP ( 'NONE', ( #345, #1325, #1006, #1190 ) ) ;
#1141 = APPROVAL_STATUS ( 'not_yet_approved' ) ;
#1142 = AXIS2_PLACEMENT_3D ( 'NONE', #1185, #1277, #1176 ) ;
#1143 = CIRCLE ( 'NONE', #606, 0.7500000000000016653 ) ;
#1144 = DIRECTION ( 'NONE',  ( -0.9999619230642021739, 0.000000000000000000, -0.008726535494841435731 ) ) ;
#1145 = FACE_OUTER_BOUND ( 'NONE', #1062, .T. ) ;
#1146 = ORIENTED_EDGE ( 'NONE', *, *, #780, .T. ) ;
#1147 = EDGE_CURVE ( 'NONE', #909, #1305, #245, .T. ) ;
#1148 = CIRCLE ( 'NONE', #415, 4.085841406613286431 ) ;
#1149 = APPROVAL_DATE_TIME ( #1357, #334 ) ;
#1150 = CARTESIAN_POINT ( 'NONE',  ( 0.9738203935111182652, 18.05171015615314545, 6.022995320445948764 ) ) ;
#1151 = VECTOR ( 'NONE', #767, 1000.000000000000114 ) ;
#1152 = DIRECTION ( 'NONE',  ( 0.008726535494841404506, 0.000000000000000000, -0.9999619230642021739 ) ) ;
#1153 = ORIENTED_EDGE ( 'NONE', *, *, #1059, .T. ) ;
#1154 = LINE ( 'NONE', #115, #498 ) ;
#1155 = DIRECTION ( 'NONE',  ( 0.000000000000000000, 0.000000000000000000, 1.000000000000000000 ) ) ;
#1156 = VECTOR ( 'NONE', #794, 1000.000000000000114 ) ;
#1157 = ORGANIZATION ( 'UNSPECIFIED', 'UNSPECIFIED', '' ) ;
#1158 = CARTESIAN_POINT ( 'NONE',  ( 22.92957914145591403, 29.27522922555710494, 9.409400430954725891 ) ) ;
#1159 = ORIENTED_EDGE ( 'NONE', *, *, #103, .F. ) ;
#1160 = FACE_OUTER_BOUND ( 'NONE', #1289, .T. ) ;
#1161 = ORIENTED_EDGE ( 'NONE', *, *, #145, .T. ) ;
#1162 = APPROVAL ( #1141, 'UNSPECIFIED' ) ;
#1163 = DIRECTION ( 'NONE',  ( 0.9999619230642021739, 0.000000000000000000, 0.008726535494841390628 ) ) ;
#1164 = CARTESIAN_POINT ( 'NONE',  ( 13.50825057379301164, 30.55171015615314900, 2.132229321874659966 ) ) ;
#1165 = AXIS2_PLACEMENT_3D ( 'NONE', #660, #123, #551 ) ;
#1166 = ORIENTED_EDGE ( 'NONE', *, *, #1337, .T. ) ;
#1167 = LINE ( 'NONE', #100, #903 ) ;
#1168 = ORIENTED_EDGE ( 'NONE', *, *, #1310, .F. ) ;
#1169 = CARTESIAN_POINT ( 'NONE',  ( 24.75966887914828973, 5.301710156156168807, 30.66704870402058347 ) ) ;
#1170 = VECTOR ( 'NONE', #985, 1000.000000000000114 ) ;
#1171 = CARTESIAN_POINT ( 'NONE',  ( 24.92854922776397331, 5.301710156154261000, 11.31527751494807532 ) ) ;
#1172 = ORIENTED_EDGE ( 'NONE', *, *, #365, .T. ) ;
#1173 = CARTESIAN_POINT ( 'NONE',  ( -7.740940291321284583, -16.19828984384685100, 1.946790442609279470 ) ) ;
#1174 = ORIENTED_EDGE ( 'NONE', *, *, #142, .F. ) ;
#1175 = DIRECTION ( 'NONE',  ( -0.9999619230642020629, 0.000000000000000000, -0.008726535494841404506 ) ) ;
#1176 = DIRECTION ( 'NONE',  ( -0.9999619230642020629, 0.000000000000000000, -0.008726535494841404506 ) ) ;
#1177 = CARTESIAN_POINT ( 'NONE',  ( 22.57816121924772546, 30.55171015615324137, 2.211381232919498174 ) ) ;
#1178 = EDGE_CURVE ( 'NONE', #880, #110, #63, .T. ) ;
#1179 = ORIENTED_EDGE ( 'NONE', *, *, #366, .F. ) ;
#1180 = FACE_OUTER_BOUND ( 'NONE', #1132, .T. ) ;
#1181 = VECTOR ( 'NONE', #1332, 1000.000000000000114 ) ;
#1182 = ORIENTED_EDGE ( 'NONE', *, *, #1191, .F. ) ;
#1183 = DIRECTION ( 'NONE',  ( -0.9999619230642021739, 0.000000000000000000, -0.008726535494841146032 ) ) ;
#1184 = ADVANCED_FACE ( 'NONE', ( #1260 ), #442, .F. ) ;
#1185 = CARTESIAN_POINT ( 'NONE',  ( -4.048586096544591229, 0.000000000000000000, 7.979241599804939966 ) ) ;
#1186 = LINE ( 'NONE', #679, #876 ) ;
#1187 = EDGE_LOOP ( 'NONE', ( #294, #377 ) ) ;
#1188 = FACE_OUTER_BOUND ( 'NONE', #338, .T. ) ;
#1189 = ORIENTED_EDGE ( 'NONE', *, *, #1097, .T. ) ;
#1190 = ORIENTED_EDGE ( 'NONE', *, *, #608, .T. ) ;
#1191 = EDGE_CURVE ( 'NONE', #327, #419, #773, .T. ) ;
#1192 = LINE ( 'NONE', #23, #502 ) ;
#1193 = DIRECTION ( 'NONE',  ( 0.9999619230642020629, -0.000000000000000000, 0.008726535494841406240 ) ) ;
#1194 = CARTESIAN_POINT ( 'NONE',  ( 9.706034149333204297, -16.19828984384685100, 8.099276352154216596 ) ) ;
#1195 = ORIENTED_EDGE ( 'NONE', *, *, #489, .T. ) ;
#1196 = FACE_BOUND ( 'NONE', #437, .T. ) ;
#1197 = ORIENTED_EDGE ( 'NONE', *, *, #954, .F. ) ;
#1198 = VECTOR ( 'NONE', #854, 1000.000000000000114 ) ;
#1199 = EDGE_LOOP ( 'NONE', ( #4, #1327, #480, #755 ) ) ;
#1200 = ADVANCED_FACE ( 'NONE', ( #1188 ), #654, .F. ) ;
#1201 = CARTESIAN_POINT ( 'NONE',  ( 27.75716939530563110, 7.351710156154741327, 30.96655123614233673 ) ) ;
#1202 = CARTESIAN_POINT ( 'NONE',  ( 22.57816121924786401, -19.94828984384676218, 2.211381232919497286 ) ) ;
#1203 = FACE_OUTER_BOUND ( 'NONE', #598, .T. ) ;
#1204 = CYLINDRICAL_SURFACE ( 'NONE', #952, 1.699999999999999067 ) ;
#1205 = AXIS2_PLACEMENT_3D ( 'NONE', #284, #509, #1138 ) ;
#1206 = CARTESIAN_POINT ( 'NONE',  ( 11.40596941854234636, -16.19828984384685100, 8.114111462495447569 ) ) ;
#1207 = CARTESIAN_POINT ( 'NONE',  ( 10.50836480460040789, 26.80171015615314190, 2.106049715390134747 ) ) ;
#1208 = ADVANCED_FACE ( 'NONE', ( #637, #958, #420, #1063, #429, #1081, #861 ), #125, .T. ) ;
#1209 = CARTESIAN_POINT ( 'NONE',  ( 22.94269714955057182, -24.90443915915958684, 9.685359553007939937 ) ) ;
#1210 = CARTESIAN_POINT ( 'NONE',  ( 10.45600559163136012, 26.80171015615314190, 8.105821253775346236 ) ) ;
#1211 = CARTESIAN_POINT ( 'NONE',  ( 9.706034149333204297, -16.19828984384685100, 8.099276352154216596 ) ) ;
#1212 = CARTESIAN_POINT ( 'NONE',  ( 8.006098880124064010, 26.80171015615314190, 8.084441241812985623 ) ) ;
#1213 = CARTESIAN_POINT ( 'NONE',  ( 9.073511970331155752, 18.05171015615314545, 6.093680257954165569 ) ) ;
#1214 = ORIENTED_EDGE ( 'NONE', *, *, #416, .T. ) ;
#1215 = AXIS2_PLACEMENT_3D ( 'NONE', #1211, #236, #677 ) ;
#1216 = PRODUCT ( 'sonar_bracket', 'sonar_bracket', '', ( #933 ) ) ;
#1217 = CARTESIAN_POINT ( 'NONE',  ( 24.89289398770286965, 5.301710156154261000, 15.40096334524044153 ) ) ;
#1218 = CC_DESIGN_PERSON_AND_ORGANIZATION_ASSIGNMENT ( #513, #822, ( #618 ) ) ;
#1219 = FACE_OUTER_BOUND ( 'NONE', #725, .T. ) ;
#1220 = EDGE_LOOP ( 'NONE', ( #862, #1056, #385, #1017 ) ) ;
#1221 = CARTESIAN_POINT ( 'NONE',  ( 22.26369229241349856, 30.55171015615324492, 7.060195128224110661 ) ) ;
#1222 = FACE_BOUND ( 'NONE', #783, .T. ) ;
#1223 = CARTESIAN_POINT ( 'NONE',  ( 22.57816121924772546, 30.55171015615324137, 2.211381232919495954 ) ) ;
#1224 = ORIENTED_EDGE ( 'NONE', *, *, #281, .T. ) ;
#1225 = ORIENTED_EDGE ( 'NONE', *, *, #599, .F. ) ;
#1226 = CIRCLE ( 'NONE', #384, 8.099999999999999645 ) ;
#1227 = EDGE_CURVE ( 'NONE', #967, #777, #1363, .T. ) ;
#1228 = DIRECTION ( 'NONE',  ( -0.9999619230642020629, 0.000000000000000000, -0.008726535494841442669 ) ) ;
#1229 = CARTESIAN_POINT ( 'NONE',  ( 22.94269714955055051, -18.41237039986370405, 9.685359553007938160 ) ) ;
#1230 = CARTESIAN_POINT ( 'NONE',  ( 8.006098880124062234, -16.19828984384685100, 8.084441241812985623 ) ) ;
#1231 = DIRECTION ( 'NONE',  ( -0.008726535494841404506, 0.000000000000000000, 0.9999619230642020629 ) ) ;
#1232 = EDGE_CURVE ( 'NONE', #134, #825, #1148, .T. ) ;
#1233 = CARTESIAN_POINT ( 'NONE',  ( -7.793299504290333246, -16.19828984384685100, 7.946561980994491847 ) ) ;
#1234 = ORIENTED_EDGE ( 'NONE', *, *, #642, .F. ) ;
#1235 = ORIENTED_EDGE ( 'NONE', *, *, #900, .T. ) ;
#1236 = AXIS2_PLACEMENT_3D ( 'NONE', #1068, #348, #865 ) ;
#1237 = CYLINDRICAL_SURFACE ( 'NONE', #829, 1.699999999999999067 ) ;
#1238 = ADVANCED_FACE ( 'NONE', ( #1288 ), #831, .T. ) ;
#1239 = CARTESIAN_POINT ( 'NONE',  ( 27.74150693423589686, 7.351710156154741327, 32.76129150855316396 ) ) ;
#1240 = CYLINDRICAL_SURFACE ( 'NONE', #596, 1.699999999999999067 ) ;
#1241 = EDGE_LOOP ( 'NONE', ( #109, #830, #1313, #980 ) ) ;
#1242 = ORIENTED_EDGE ( 'NONE', *, *, #1247, .T. ) ;
#1243 = CIRCLE ( 'NONE', #221, 4.085841406613286431 ) ;
#1244 = CALENDAR_DATE ( 2026, 24, 8 ) ;
#1245 = CARTESIAN_POINT ( 'NONE',  ( -11.49079750281203793, 30.55171015615314900, 1.914065934503623279 ) ) ;
#1246 = ADVANCED_FACE ( 'NONE', ( #1160, #1057, #118, #1073, #545, #973, #92 ), #336, .F. ) ;
#1247 = EDGE_CURVE ( 'NONE', #806, #769, #2, .T. ) ;
#1248 = DIRECTION ( 'NONE',  ( 0.000000000000000000, 0.1321587755985382528, -0.9912285599357473220 ) ) ;
#1249 = EDGE_LOOP ( 'NONE', ( #874, #207 ) ) ;
#1250 = VECTOR ( 'NONE', #1231, 1000.000000000000114 ) ;
#1251 = PERSON_AND_ORGANIZATION ( #868, #1157 ) ;
#1252 = CARTESIAN_POINT ( 'NONE',  ( -7.125871183308919221, 18.05171015615314545, 5.952310382937734623 ) ) ;
#1253 = PLANE ( 'NONE',  #1328 ) ;
#1254 = VERTEX_POINT ( 'NONE', #1281 ) ;
#1255 = DIRECTION ( 'NONE',  ( -0.008726535494841404506, 0.000000000000000000, 0.9999619230642021739 ) ) ;
#1256 = VECTOR ( 'NONE', #71, 1000.000000000000000 ) ;
#1257 = DATE_TIME_ROLE ( 'classification_date' ) ;
#1258 = CARTESIAN_POINT ( 'NONE',  ( 22.81525245177211048, 30.04642404047916671, 8.588439807242744806 ) ) ;
#1259 = VERTEX_POINT ( 'NONE', #951 ) ;
#1260 = FACE_OUTER_BOUND ( 'NONE', #346, .T. ) ;
#1261 = EDGE_LOOP ( 'NONE', ( #702, #636 ) ) ;
#1262 = DIRECTION ( 'NONE',  ( -0.9999619230642020629, 0.000000000000000000, -0.008726535494841442669 ) ) ;
#1263 = AXIS2_PLACEMENT_3D ( 'NONE', #321, #231, #529 ) ;
#1264 = DIRECTION ( 'NONE',  ( 0.008726535494841404506, 0.000000000000000000, -0.9999619230642021739 ) ) ;
#1265 = ORIENTED_EDGE ( 'NONE', *, *, #1007, .T. ) ;
#1266 = DIRECTION ( 'NONE',  ( 0.005978780530419175974, -0.7284241270557483272, -0.6851003906774831842 ) ) ;
#1267 = VERTEX_POINT ( 'NONE', #328 ) ;
#1268 = DIRECTION ( 'NONE',  ( 0.006356619000050094462, -0.6851264781944994553, -0.7283963908969417478 ) ) ;
#1269 = ADVANCED_FACE ( 'NONE', ( #1366 ), #11, .F. ) ;
#1270 = CARTESIAN_POINT ( 'NONE',  ( 22.64592050426066905, 30.55171015615324492, 8.049723143705845629 ) ) ;
#1271 = CIRCLE ( 'NONE', #921, 0.7500000000000016653 ) ;
#1272 = EDGE_LOOP ( 'NONE', ( #872, #1376, #591, #518 ) ) ;
#1273 = CARTESIAN_POINT ( 'NONE',  ( 27.89277975689547517, 5.301710156154261000, 15.42714295172496541 ) ) ;
#1274 = CIRCLE ( 'NONE', #72, 1.699999999999999067 ) ;
#1275 = EDGE_LOOP ( 'NONE', ( #322, #1375, #734, #957 ) ) ;
#1276 = EDGE_CURVE ( 'NONE', #99, #134, #1167, .T. ) ;
#1277 = DIRECTION ( 'NONE',  ( 0.008726535494841406240, 0.000000000000000000, -0.9999619230642021739 ) ) ;
#1278 = AXIS2_PLACEMENT_3D ( 'NONE', #989, #246, #888 ) ;
#1279 = CARTESIAN_POINT ( 'NONE',  ( 27.69204994568799094, -19.94828984384674797, 2.587308764150538121 ) ) ;
#1280 = ORIENTED_EDGE ( 'NONE', *, *, #570, .F. ) ;
#1281 = CARTESIAN_POINT ( 'NONE',  ( 22.57816121924772546, 30.55171015615324137, 2.211381232919495954 ) ) ;
#1282 = VECTOR ( 'NONE', #1193, 1000.000000000000114 ) ;
#1283 = ORIENTED_EDGE ( 'NONE', *, *, #42, .T. ) ;
#1284 = DIRECTION ( 'NONE',  ( -0.005978780530419986090, -0.7284241270556613967, 0.6851003906775757768 ) ) ;
#1285 = PLANE ( 'NONE',  #1142 ) ;
#1286 = DIRECTION ( 'NONE',  ( 0.008726535494841404506, 0.000000000000000000, -0.9999619230642021739 ) ) ;
#1287 = ORIENTED_EDGE ( 'NONE', *, *, #1045, .T. ) ;
#1288 = FACE_OUTER_BOUND ( 'NONE', #741, .T. ) ;
#1289 = EDGE_LOOP ( 'NONE', ( #788, #278, #739, #837 ) ) ;
#1290 = ADVANCED_FACE ( 'NONE', ( #1180 ), #1237, .T. ) ;
#1291 = ORIENTED_EDGE ( 'NONE', *, *, #795, .T. ) ;
#1292 = CARTESIAN_POINT ( 'NONE',  ( 22.86857853838556309, -19.94828984384675863, 8.126151270962404638 ) ) ;
#1293 = CARTESIAN_POINT ( 'NONE',  ( -11.49079750281203793, 30.55171015615314900, 1.914065934503623279 ) ) ;
#1294 = AXIS2_PLACEMENT_3D ( 'NONE', #1126, #369, #380 ) ;
#1295 = DIRECTION ( 'NONE',  ( 0.008726535494841404506, 0.000000000000000000, -0.9999619230642021739 ) ) ;
#1296 = ORIENTED_EDGE ( 'NONE', *, *, #748, .T. ) ;
#1297 = DIRECTION ( 'NONE',  ( -2.775451876835816020E-15, 1.000000000000000000, -2.422100157895402427E-17 ) ) ;
#1298 = EDGE_CURVE ( 'NONE', #393, #577, #1019, .T. ) ;
#1299 = VERTEX_POINT ( 'NONE', #601 ) ;
#1300 = ORIENTED_EDGE ( 'NONE', *, *, #352, .T. ) ;
#1301 = CARTESIAN_POINT ( 'NONE',  ( 19.46492746409337116, -24.90443915915959394, 6.184364767090359649 ) ) ;
#1302 = EDGE_CURVE ( 'NONE', #932, #127, #350, .T. ) ;
#1303 = FACE_OUTER_BOUND ( 'NONE', #1066, .T. ) ;
#1304 = CARTESIAN_POINT ( 'NONE',  ( 10.45600559163135657, -16.19828984384685100, 8.105821253775346236 ) ) ;
#1305 = VERTEX_POINT ( 'NONE', #1344 ) ;
#1306 = LINE ( 'NONE', #881, #1065 ) ;
#1307 = VECTOR ( 'NONE', #460, 1000.000000000000000 ) ;
#1308 = EDGE_LOOP ( 'NONE', ( #488, #60, #988, #1168 ) ) ;
#1309 = DIRECTION ( 'NONE',  ( 0.9999619230642020629, -0.000000000000000000, 0.008726535494841406240 ) ) ;
#1310 = EDGE_CURVE ( 'NONE', #394, #1115, #163, .T. ) ;
#1311 = CARTESIAN_POINT ( 'NONE',  ( -7.793299504290333246, -16.19828984384685100, 7.946561980994491847 ) ) ;
#1312 = CARTESIAN_POINT ( 'NONE',  ( 27.92843499695657883, 5.301710156154261000, 11.34145712143259921 ) ) ;
#1313 = ORIENTED_EDGE ( 'NONE', *, *, #243, .T. ) ;
#1314 = FACE_OUTER_BOUND ( 'NONE', #1011, .T. ) ;
#1315 = DIRECTION ( 'NONE',  ( -0.008726535494841404506, 0.000000000000000000, 0.9999619230642021739 ) ) ;
#1316 = ORIENTED_EDGE ( 'NONE', *, *, #550, .F. ) ;
#1317 = DIRECTION ( 'NONE',  ( -0.008726535494841404506, 0.000000000000000000, 0.9999619230642020629 ) ) ;
#1318 = CARTESIAN_POINT ( 'NONE',  ( -7.793299504290333246, -16.19828984384685100, 7.946561980994491847 ) ) ;
#1319 = EDGE_LOOP ( 'NONE', ( #882, #1024, #143, #1139, #839 ) ) ;
#1320 = AXIS2_PLACEMENT_3D ( 'NONE', #799, #697, #1228 ) ;
#1321 = EDGE_CURVE ( 'NONE', #945, #448, #582, .T. ) ;
#1322 = CARTESIAN_POINT ( 'NONE',  ( 22.64592050369114773, -19.94828984384674797, 8.049723144254702589 ) ) ;
#1323 = DIRECTION ( 'NONE',  ( 0.9999619230642020629, -1.387778780781445429E-16, 0.008726535494841404506 ) ) ;
#1324 = CYLINDRICAL_SURFACE ( 'NONE', #1105, 0.7500000000000016653 ) ;
#1325 = ORIENTED_EDGE ( 'NONE', *, *, #668, .F. ) ;
#1326 = EDGE_CURVE ( 'NONE', #797, #450, #547, .T. ) ;
#1327 = ORIENTED_EDGE ( 'NONE', *, *, #209, .T. ) ;
#1328 = AXIS2_PLACEMENT_3D ( 'NONE', #277, #1348, #1248 ) ;
#1329 = CARTESIAN_POINT ( 'NONE',  ( -7.793299504290333246, 26.80171015615314190, 7.946561980994491847 ) ) ;
#1330 = CARTESIAN_POINT ( 'NONE',  ( 22.90568801043423264, -18.93022422099975799, 9.134435203438416195 ) ) ;
#1331 = PERSON_AND_ORGANIZATION ( #868, #1157 ) ;
#1332 = DIRECTION ( 'NONE',  ( 0.9999619230642020629, -0.000000000000000000, 0.008726535494841406240 ) ) ;
#1333 = CARTESIAN_POINT ( 'NONE',  ( -11.49079750281203793, 30.55171015615314900, 1.914065934503623279 ) ) ;
#1334 = ORIENTED_EDGE ( 'NONE', *, *, #778, .T. ) ;
#1335 = ORIENTED_EDGE ( 'NONE', *, *, #661, .F. ) ;
#1336 = CIRCLE ( 'NONE', #1048, 1.699999999999999734 ) ;
#1337 = EDGE_CURVE ( 'NONE', #265, #762, #379, .T. ) ;
#1338 = DIRECTION ( 'NONE',  ( 0.008726535494841404506, 0.000000000000000000, -0.9999619230642021739 ) ) ;
#1339 = COORDINATED_UNIVERSAL_TIME_OFFSET ( 5, 0, .BEHIND. ) ;
#1340 = DIRECTION ( 'NONE',  ( 0.9999619230642021739, 0.000000000000000000, 0.008726535494841439200 ) ) ;
#1341 = LINE ( 'NONE', #1037, #1020 ) ;
#1342 = ORIENTED_EDGE ( 'NONE', *, *, #599, .T. ) ;
#1343 = VERTEX_POINT ( 'NONE', #388 ) ;
#1344 = CARTESIAN_POINT ( 'NONE',  ( 24.75728362611303623, 3.251710156157566978, 30.94037162965781107 ) ) ;
#1345 = ADVANCED_FACE ( 'NONE', ( #272 ), #593, .F. ) ;
#1346 = PERSON_AND_ORGANIZATION ( #868, #1157 ) ;
#1347 = CARTESIAN_POINT ( 'NONE',  ( -11.49079750281204504, -19.94828984384685100, 1.914065934503623279 ) ) ;
#1348 = DIRECTION ( 'NONE',  ( 0.001153331394504011767, -0.9912279006826431038, -0.1321586877014713224 ) ) ;
#1349 = ORIENTED_EDGE ( 'NONE', *, *, #113, .F. ) ;
#1350 = CIRCLE ( 'NONE', #400, 8.099999999999999645 ) ;
#1351 = APPLICATION_PROTOCOL_DEFINITION ( 'international standard', 'config_control_design', 1994, #632 ) ;
#1352 = DIRECTION ( 'NONE',  ( -0.9999619230642021739, 0.000000000000000000, -0.008726535494841390628 ) ) ;
#1353 = DIRECTION ( 'NONE',  ( -0.008726535494841404506, 0.000000000000000000, 0.9999619230642021739 ) ) ;
#1354 = ORIENTED_EDGE ( 'NONE', *, *, #633, .F. ) ;
#1355 = CIRCLE ( 'NONE', #514, 1.699999999999999067 ) ;
#1356 = CARTESIAN_POINT ( 'NONE',  ( 22.57816121924786401, -19.94828984384676218, 2.211381232919497286 ) ) ;
#1357 = DATE_AND_TIME ( #717, #136 ) ;
#1358 = DIRECTION ( 'NONE',  ( -0.008726535494841404506, 0.000000000000000000, 0.9999619230642020629 ) ) ;
#1359 = ORIENTED_EDGE ( 'NONE', *, *, #113, .T. ) ;
#1360 = LINE ( 'NONE', #824, #728 ) ;
#1361 = ORIENTED_EDGE ( 'NONE', *, *, #359, .F. ) ;
#1362 = CYLINDRICAL_SURFACE ( 'NONE', #968, 4.085841406613286431 ) ;
#1363 = CIRCLE ( 'NONE', #169, 1.699999999999999734 ) ;
#1364 = FACE_OUTER_BOUND ( 'NONE', #407, .T. ) ;
#1365 = ORIENTED_EDGE ( 'NONE', *, *, #1371, .F. ) ;
#1366 = FACE_OUTER_BOUND ( 'NONE', #84, .T. ) ;
#1367 = ORIENTED_EDGE ( 'NONE', *, *, #1025, .T. ) ;
#1368 = EDGE_CURVE ( 'NONE', #170, #1254, #499, .T. ) ;
#1369 = CARTESIAN_POINT ( 'NONE',  ( 22.74169731891487345, 7.351710156154741327, 32.71765883107894979 ) ) ;
#1370 = AXIS2_PLACEMENT_3D ( 'NONE', #314, #306, #202 ) ;
#1371 = EDGE_CURVE ( 'NONE', #880, #656, #1117, .T. ) ;
#1372 = DIRECTION ( 'NONE',  ( 0.008726535494841404506, 0.000000000000000000, -0.9999619230642020629 ) ) ;
#1373 = ORIENTED_EDGE ( 'NONE', *, *, #451, .F. ) ;
#1374 = DIRECTION ( 'NONE',  ( -0.008726535494841008989, 0.000000000000000000, 0.9999619230642020629 ) ) ;
#1375 = ORIENTED_EDGE ( 'NONE', *, *, #1033, .T. ) ;
#1376 = ORIENTED_EDGE ( 'NONE', *, *, #42, .F. ) ;
#1377 = CARTESIAN_POINT ( 'NONE',  ( 27.74150693423589686, 3.251710156157563869, 32.76129150855315686 ) ) ;
#1378 = CARTESIAN_POINT ( 'NONE',  ( -7.793299504290333246, 26.80171015615314190, 7.946561980994491847 ) ) ;
ENDSEC;
END-ISO-10303-21;
